п»ї-- MariaDB dump 10.19  Distrib 10.4.32-MariaDB, for Win64 (AMD64)
--
-- Host: localhost    Database: ntk
-- ------------------------------------------------------
-- Server version	10.4.32-MariaDB

/*!40101 SET @OLD_CHARACTER_SET_CLIENT=@@CHARACTER_SET_CLIENT */;
/*!40101 SET @OLD_CHARACTER_SET_RESULTS=@@CHARACTER_SET_RESULTS */;
/*!40101 SET @OLD_COLLATION_CONNECTION=@@COLLATION_CONNECTION */;
/*!40101 SET NAMES utf8mb4 */;
/*!40103 SET @OLD_TIME_ZONE=@@TIME_ZONE */;
/*!40103 SET TIME_ZONE='+00:00' */;
/*!40014 SET @OLD_UNIQUE_CHECKS=@@UNIQUE_CHECKS, UNIQUE_CHECKS=0 */;
/*!40014 SET @OLD_FOREIGN_KEY_CHECKS=@@FOREIGN_KEY_CHECKS, FOREIGN_KEY_CHECKS=0 */;
/*!40101 SET @OLD_SQL_MODE=@@SQL_MODE, SQL_MODE='NO_AUTO_VALUE_ON_ZERO' */;
/*!40111 SET @OLD_SQL_NOTES=@@SQL_NOTES, SQL_NOTES=0 */;

--
-- Table structure for table `admin_read_logs`
--

DROP TABLE IF EXISTS `admin_read_logs`;
/*!40101 SET @saved_cs_client     = @@character_set_client */;
/*!40101 SET character_set_client = utf8 */;
CREATE TABLE `admin_read_logs` (
  `id` int(11) NOT NULL AUTO_INCREMENT,
  `user_id` int(11) NOT NULL,
  `event_id` varchar(100) NOT NULL,
  `created_at` datetime DEFAULT current_timestamp(),
  PRIMARY KEY (`id`),
  UNIQUE KEY `user_event` (`user_id`,`event_id`)
) ENGINE=InnoDB AUTO_INCREMENT=6 DEFAULT CHARSET=utf8mb4 COLLATE=utf8mb4_general_ci;
/*!40101 SET character_set_client = @saved_cs_client */;

--
-- Dumping data for table `admin_read_logs`
--

LOCK TABLES `admin_read_logs` WRITE;
/*!40000 ALTER TABLE `admin_read_logs` DISABLE KEYS */;
INSERT INTO `admin_read_logs` VALUES (1,0,'return_O0020','2026-05-27 14:01:19'),(2,0,'new_review_12','2026-05-27 14:01:19'),(3,0,'new_review_11','2026-05-27 14:01:19'),(4,0,'completed_order_O0035','2026-05-27 14:01:19'),(5,0,'completed_order_O0031','2026-05-27 14:01:19');
/*!40000 ALTER TABLE `admin_read_logs` ENABLE KEYS */;
UNLOCK TABLES;

--
-- Table structure for table `cart`
--

DROP TABLE IF EXISTS `cart`;
/*!40101 SET @saved_cs_client     = @@character_set_client */;
/*!40101 SET character_set_client = utf8 */;
CREATE TABLE `cart` (
  `cart_id` char(5) NOT NULL,
  `user_id` char(5) DEFAULT NULL,
  `variant_id` char(5) DEFAULT NULL,
  `quantity` int(11) DEFAULT NULL,
  `session_id` varchar(255) DEFAULT NULL,
  `is_selected` int(11) DEFAULT 1,
  PRIMARY KEY (`cart_id`),
  KEY `fk_cart_user` (`user_id`),
  KEY `fk_cart_variant` (`variant_id`),
  CONSTRAINT `fk_cart_user` FOREIGN KEY (`user_id`) REFERENCES `users` (`user_id`),
  CONSTRAINT `fk_cart_variant` FOREIGN KEY (`variant_id`) REFERENCES `product_variants` (`variant_id`)
) ENGINE=InnoDB DEFAULT CHARSET=utf8mb4 COLLATE=utf8mb4_general_ci;
/*!40101 SET character_set_client = @saved_cs_client */;

--
-- Dumping data for table `cart`
--

LOCK TABLES `cart` WRITE;
/*!40000 ALTER TABLE `cart` DISABLE KEYS */;
INSERT INTO `cart` VALUES ('C0001','U04','V001',2,NULL,0),('C0002','U04','V051',1,NULL,0),('C0003','U07','V072',1,NULL,0),('C0004','U11','V023',1,NULL,1),('C0005',NULL,'V015',3,'sess_998877abc',0),('C0006',NULL,'V041',1,'sess_998877abc',0),('C0007','U14','V011',1,NULL,0),('C0008','U17','V003',2,NULL,1),('C5530','U01','V163',1,NULL,1),('C5531','U01','V036',1,NULL,1),('C5533','U01','V167',1,NULL,1);
/*!40000 ALTER TABLE `cart` ENABLE KEYS */;
UNLOCK TABLES;

--
-- Table structure for table `categories`
--

DROP TABLE IF EXISTS `categories`;
/*!40101 SET @saved_cs_client     = @@character_set_client */;
/*!40101 SET character_set_client = utf8 */;
CREATE TABLE `categories` (
  `category_id` char(5) NOT NULL,
  `name` varchar(100) NOT NULL,
  `slug` varchar(255) DEFAULT NULL,
  `image_url` varchar(255) DEFAULT NULL,
  `is_show_home` int(11) DEFAULT 1,
  `priority` int(11) DEFAULT 0,
  `description` varchar(500) DEFAULT NULL,
  PRIMARY KEY (`category_id`)
) ENGINE=InnoDB DEFAULT CHARSET=utf8mb4 COLLATE=utf8mb4_general_ci;
/*!40101 SET character_set_client = @saved_cs_client */;

--
-- Dumping data for table `categories`
--

LOCK TABLES `categories` WRITE;
/*!40000 ALTER TABLE `categories` DISABLE KEYS */;
INSERT INTO `categories` VALUES ('CAT01','в”њГјo thun','ao-thun','https://down-vn.img.susercontent.com/file/vn-11134207-7ra0g-m7ne96vcjmiu46.webp',1,1,'в”њГјo thun basic dГџв•—Г  mГџв•‘в•–c, phв”њв•Ј hГџв•—Гєp mГџв•—Г¬i phong cв”њГ­ch'),('CAT02','в”њГјo khoв”њГ­c','ao-khoac','https://down-vn.img.susercontent.com/file/vn-11134207-820l4-mg7d8s7jrvnvb7.webp',0,2,'в”њГјo khoв”њГ­c thГџв•—ВҐi trang, giГџв•—В» Гџв•‘Г‘m vв”њГЎ chГџв•—Г¦ng nГџв•‘В»ng'),('CAT03','Hoodie&Sweater','hoodie-sweater','https://down-vn.img.susercontent.com/file/vn-11134207-7ras8-m1djz3jqsva0d1.webp',1,3,'Hoodie vв”њГЎ sweater trГџв•‘в•— trung, nв”ЂГўng в”ЂГ¦Гџв•—Г–ng'),('CAT04','QuГџв•‘Вєn','quan','https://down-vn.img.susercontent.com/file/vn-11134207-7ras8-mc8wdg5whi6qb8.webp',0,4,'QuГџв•‘Вєn thГџв•—ВҐi trang, sв”њГЎnh в”ЂГ¦iГџв•—Г§u'),('CAT05','в”њГјo sв•ћГ­ mi','ao-so-mi','https://down-vn.img.susercontent.com/file/vn-11134207-7r98o-llqdtiaj374v5c.webp',0,5,'в”њГјo sв•ћГ­ mi lГџв•—ГЇch sГџв•—в–’, phв”њв•Ј hГџв•—Гєp в”ЂГ¦i lв”њГЎm vв”њГЎ в”ЂГ¦i chв•ћГ­i'),('CAT06','QuГџв•‘Вєn в”ЂГ¦в”њв•Јi','quan-dui','https://down-vn.img.susercontent.com/file/vn-11134207-7ras8-mcg2d2ixd4fw7b@resize_w900_nl.webp',0,6,'QuГџв•‘Вєn в”ЂГ¦в”њв•Јi thoГџв•‘Гєi mв”њГ­i cho hoГџв•‘Г­t в”ЂГ¦Гџв•—Г–ng hв”њГЎng ngв”њГЎy'),('CAT07','в”њГјo polo','ao-polo','https://down-vn.img.susercontent.com/file/vn-11134207-7ras8-mcrbsixysl9pbc@resize_w900_nl.webp',0,7,'в”њГјo polo thanh lГџв•—ГЇch, dГџв•—Г  phГџв•—Г¦i в”ЂГ¦Гџв•—Гґ'),('CAT08','QuГџв•‘Вєn jeans','quan-jeans','https://down-vn.img.susercontent.com/file/vn-11134207-820l4-mfcb1buk8sumb0@resize_w900_nl.webp',1,8,'QuГџв•‘Вєn jeans bГџв•—Гјn в”ЂГ¦Гџв•‘в•Јp, phong cв”њГ­ch cв”њГ­ tв”њВЎnh'),('CAT09','Chв”њГіn vв”њГ­y','chan-vay','https://down-vn.img.susercontent.com/file/vn-11134207-7ras8-mczvn82i30rx20@resize_w900_nl.webp',0,9,'Chв”њГіn vв”њГ­y nГџв•—В» tв”њВЎnh, в”ЂГ¦a dГџв•‘Г­ng kiГџв•—Гўu dв”њГ­ng'),('CAT10','в”њГјo len & cardigan','ao-len-cardigan','https://down-vn.img.susercontent.com/file/vn-11134207-7ras8-m4hdzd36m4q8c9@resize_w900_nl.webp',0,10,'в”њГјo len vв”њГЎ cardigan giГџв•—В» Гџв•‘Г‘m, thГџв•—ВҐi trang');
/*!40000 ALTER TABLE `categories` ENABLE KEYS */;
UNLOCK TABLES;

--
-- Table structure for table `chat_messages`
--

DROP TABLE IF EXISTS `chat_messages`;
/*!40101 SET @saved_cs_client     = @@character_set_client */;
/*!40101 SET character_set_client = utf8 */;
CREATE TABLE `chat_messages` (
  `id` int(11) NOT NULL AUTO_INCREMENT,
  `sender_id` char(5) NOT NULL,
  `receiver_id` char(5) DEFAULT '0',
  `message` text NOT NULL,
  `is_read` tinyint(1) DEFAULT 0,
  `created_at` timestamp NULL DEFAULT current_timestamp(),
  PRIMARY KEY (`id`)
) ENGINE=InnoDB AUTO_INCREMENT=18 DEFAULT CHARSET=utf8mb4 COLLATE=utf8mb4_general_ci;
/*!40101 SET character_set_client = @saved_cs_client */;

--
-- Dumping data for table `chat_messages`
--

LOCK TABLES `chat_messages` WRITE;
/*!40000 ALTER TABLE `chat_messages` DISABLE KEYS */;
INSERT INTO `chat_messages` VALUES (1,'U4937','0','chв”њГЎo',1,'2026-05-27 03:36:31'),(2,'U01','U4937','kkk',1,'2026-05-27 03:36:49'),(3,'U4937','0','hhh',1,'2026-05-27 03:36:56'),(4,'U4937','0','kkk',1,'2026-05-27 03:37:18'),(5,'U01','U4937','kkk',1,'2026-05-27 03:37:22'),(6,'U4937','0','nnn',1,'2026-05-27 03:44:27'),(7,'U01','U4937','kkk',1,'2026-05-27 03:44:39'),(8,'U4937','0','chв”њГЎo',1,'2026-05-27 03:50:29'),(9,'U4937','0','chв”њГЎo',1,'2026-05-27 06:30:01'),(10,'U4937','0','kkk',1,'2026-05-27 06:30:42'),(11,'U4937','0','kkk',1,'2026-05-27 06:46:28'),(12,'U01','U4937','xin chв”њГЎo',1,'2026-05-27 06:51:05'),(13,'U01','0','xin chв”њГЎo',1,'2026-05-27 06:51:15'),(14,'U4937','0','xin chв”њГЎo',1,'2026-05-27 06:51:55'),(15,'U01','U4937','chв”њГЎo',1,'2026-05-27 06:52:25'),(16,'U4937','0','hello',1,'2026-05-27 06:54:06'),(17,'U01','U4937','chв”њГЎo',1,'2026-05-27 06:54:13');
/*!40000 ALTER TABLE `chat_messages` ENABLE KEYS */;
UNLOCK TABLES;

--
-- Table structure for table `coupons`
--

DROP TABLE IF EXISTS `coupons`;
/*!40101 SET @saved_cs_client     = @@character_set_client */;
/*!40101 SET character_set_client = utf8 */;
CREATE TABLE `coupons` (
  `coupon_id` char(5) NOT NULL,
  `code` varchar(50) DEFAULT NULL,
  `discount_type` int(11) DEFAULT NULL,
  `discount_value` decimal(15,2) DEFAULT NULL,
  `min_order_value` decimal(15,2) DEFAULT NULL,
  `start_date` datetime DEFAULT NULL,
  `end_date` datetime DEFAULT NULL,
  `max_discount_amount` decimal(15,2) DEFAULT NULL,
  `quantity` int(11) DEFAULT NULL,
  `used_count` int(11) DEFAULT 0,
  `status` int(11) DEFAULT 1,
  `coupon_type` int(11) DEFAULT 0,
  PRIMARY KEY (`coupon_id`),
  UNIQUE KEY `code` (`code`)
) ENGINE=InnoDB DEFAULT CHARSET=utf8mb4 COLLATE=utf8mb4_general_ci;
/*!40101 SET character_set_client = @saved_cs_client */;

--
-- Dumping data for table `coupons`
--

LOCK TABLES `coupons` WRITE;
/*!40000 ALTER TABLE `coupons` DISABLE KEYS */;
INSERT INTO `coupons` VALUES ('CP01','WELCOME',0,10.00,250000.00,'2026-01-01 00:00:00','2027-01-01 00:00:00',30000.00,1000,27,1,0),('CP02','FREESHIP',1,20000.00,200000.00,'2024-01-01 00:00:00','2027-06-30 00:00:00',NULL,500,36,1,1),('CP03','SALE',0,10.00,500000.00,'2024-06-01 00:00:00','2027-06-07 00:00:00',50000.00,100,56,0,0),('CP033','NTKFASHION',1,20000.00,200000.00,NULL,'2026-12-30 00:00:00',NULL,50,0,1,0),('CP04','TET',1,50000.00,1000000.00,'2025-01-01 00:00:00','2027-02-01 00:00:00',NULL,50,50,0,0),('CP05','NTK',0,10.00,2000000.00,'2024-11-11 00:00:00','2024-12-11 00:00:00',200000.00,20,20,1,0),('CP111','NTKXINCHAO',0,10.00,299000.00,NULL,'2026-06-30 00:00:00',NULL,50,5,1,0),('CP185','XINCAMON',0,10.00,200000.00,NULL,'2026-04-01 00:00:00',NULL,100,0,1,0),('CP778','MIГџв•—Г N PHв”њВЎ VГџв•‘ВЎN CHUYГџв•—ГўN',1,30000.00,300000.00,NULL,'2026-07-11 00:00:00',NULL,100,1,1,1);
/*!40000 ALTER TABLE `coupons` ENABLE KEYS */;
UNLOCK TABLES;

--
-- Table structure for table `flash_sales`
--

DROP TABLE IF EXISTS `flash_sales`;
/*!40101 SET @saved_cs_client     = @@character_set_client */;
/*!40101 SET character_set_client = utf8 */;
CREATE TABLE `flash_sales` (
  `flash_sale_id` int(11) NOT NULL AUTO_INCREMENT,
  `variant_id` char(5) NOT NULL,
  `sale_date` date NOT NULL,
  `flash_sale_price` decimal(15,2) NOT NULL,
  `status` int(11) DEFAULT 1,
  PRIMARY KEY (`flash_sale_id`),
  KEY `fk_flash_sale_variant` (`variant_id`),
  CONSTRAINT `fk_flash_sale_variant` FOREIGN KEY (`variant_id`) REFERENCES `product_variants` (`variant_id`) ON DELETE CASCADE
) ENGINE=InnoDB AUTO_INCREMENT=9 DEFAULT CHARSET=utf8mb4 COLLATE=utf8mb4_general_ci;
/*!40101 SET character_set_client = @saved_cs_client */;

--
-- Dumping data for table `flash_sales`
--

LOCK TABLES `flash_sales` WRITE;
/*!40000 ALTER TABLE `flash_sales` DISABLE KEYS */;
INSERT INTO `flash_sales` VALUES (1,'V036','2026-05-27',240000.00,1),(2,'V037','2026-05-27',249000.00,1),(3,'V042','2026-05-27',359000.00,1),(4,'V043','2026-05-27',189000.00,1),(5,'V044','2026-05-27',259000.00,1),(6,'V108','2026-05-27',379000.00,1),(7,'V109','2026-05-27',259000.00,1),(8,'V110','2026-05-27',169000.00,1);
/*!40000 ALTER TABLE `flash_sales` ENABLE KEYS */;
UNLOCK TABLES;

--
-- Table structure for table `notifications`
--

DROP TABLE IF EXISTS `notifications`;
/*!40101 SET @saved_cs_client     = @@character_set_client */;
/*!40101 SET character_set_client = utf8 */;
CREATE TABLE `notifications` (
  `noti_id` int(11) NOT NULL AUTO_INCREMENT,
  `user_id` char(5) DEFAULT NULL,
  `type` varchar(50) DEFAULT 'system',
  `title` varchar(200) NOT NULL,
  `message` varchar(500) NOT NULL,
  `related_order_id` char(5) DEFAULT NULL,
  `is_read` tinyint(1) DEFAULT 0,
  `created_at` datetime DEFAULT current_timestamp(),
  PRIMARY KEY (`noti_id`),
  KEY `idx_noti_user` (`user_id`),
  KEY `idx_noti_order` (`related_order_id`)
) ENGINE=InnoDB AUTO_INCREMENT=38 DEFAULT CHARSET=utf8mb4 COLLATE=utf8mb4_general_ci;
/*!40101 SET character_set_client = @saved_cs_client */;

--
-- Dumping data for table `notifications`
--

LOCK TABLES `notifications` WRITE;
/*!40000 ALTER TABLE `notifications` DISABLE KEYS */;
INSERT INTO `notifications` VALUES (1,'U04','cart_reminder','BГџв•‘Г­n cв”њв”‚ sГџв•‘Гєn phГџв•‘вЊђm в”ЂГ¦ang chГџв•—ВҐ! в‰ЎЖ’ВўГ†','SГџв•‘Гєn phГџв•‘вЊђm \"в”њГјo thun babytee thГџв•—Гў thao\" vГџв•‘ВЅn в”ЂГ¦ang в”ЂГ¦Гџв•—Гєi bГџв•‘Г­n trong giГџв•—Г… hв”њГЎng. Hв”њГєy hoв”њГЎn tГџв•‘Г‘t в”ЂГ¦Гџв•‘в•–t hв”њГЎng ngay nhв”њвЊђ!',NULL,0,'2026-05-23 15:14:46'),(2,'U04','cart_reminder','BГџв•‘Г­n cв”њв”‚ sГџв•‘Гєn phГџв•‘вЊђm в”ЂГ¦ang chГџв•—ВҐ! в‰ЎЖ’ВўГ†','SГџв•‘Гєn phГџв•‘вЊђm \"в”њГјo khoв”њГ­c Bomber\" vГџв•‘ВЅn в”ЂГ¦ang в”ЂГ¦Гџв•—Гєi bГџв•‘Г­n trong giГџв•—Г… hв”њГЎng. Hв”њГєy hoв”њГЎn tГџв•‘Г‘t в”ЂГ¦Гџв•‘в•–t hв”њГЎng ngay nhв”њвЊђ!',NULL,0,'2026-05-23 15:14:46'),(3,'U07','cart_reminder','BГџв•‘Г­n cв”њв”‚ sГџв•‘Гєn phГџв•‘вЊђm в”ЂГ¦ang chГџв•—ВҐ! в‰ЎЖ’ВўГ†','SГџв•‘Гєn phГџв•‘вЊђm \"в”њГјo Hoodie Zip phГџв•—Г¦i Caro\" vГџв•‘ВЅn в”ЂГ¦ang в”ЂГ¦Гџв•—Гєi bГџв•‘Г­n trong giГџв•—Г… hв”њГЎng. Hв”њГєy hoв”њГЎn tГџв•‘Г‘t в”ЂГ¦Гџв•‘в•–t hв”њГЎng ngay nhв”њвЊђ!',NULL,0,'2026-05-23 15:14:46'),(4,'U11','cart_reminder','BГџв•‘Г­n cв”њв”‚ sГџв•‘Гєn phГџв•‘вЊђm в”ЂГ¦ang chГџв•—ВҐ! в‰ЎЖ’ВўГ†','SГџв•‘Гєn phГџв•‘вЊђm \"в”њГјo thun form rГџв•—Г–ng\" vГџв•‘ВЅn в”ЂГ¦ang в”ЂГ¦Гџв•—Гєi bГџв•‘Г­n trong giГџв•—Г… hв”њГЎng. Hв”њГєy hoв”њГЎn tГџв•‘Г‘t в”ЂГ¦Гџв•‘в•–t hв”њГЎng ngay nhв”њвЊђ!',NULL,0,'2026-05-23 15:14:46'),(5,'U14','cart_reminder','BГџв•‘Г­n cв”њв”‚ sГџв•‘Гєn phГџв•‘вЊђm в”ЂГ¦ang chГџв•—ВҐ! в‰ЎЖ’ВўГ†','SГџв•‘Гєn phГџв•‘вЊђm \"в”њГјo thun babytee basic\" vГџв•‘ВЅn в”ЂГ¦ang в”ЂГ¦Гџв•—Гєi bГџв•‘Г­n trong giГџв•—Г… hв”њГЎng. Hв”њГєy hoв”њГЎn tГџв•‘Г‘t в”ЂГ¦Гџв•‘в•–t hв”њГЎng ngay nhв”њвЊђ!',NULL,0,'2026-05-23 15:14:46'),(6,'U17','cart_reminder','BГџв•‘Г­n cв”њв”‚ sГџв•‘Гєn phГџв•‘вЊђm в”ЂГ¦ang chГџв•—ВҐ! в‰ЎЖ’ВўГ†','SГџв•‘Гєn phГџв•‘вЊђm \"в”њГјo thun babytee thГџв•—Гў thao\" vГџв•‘ВЅn в”ЂГ¦ang в”ЂГ¦Гџв•—Гєi bГџв•‘Г­n trong giГџв•—Г… hв”њГЎng. Hв”њГєy hoв”њГЎn tГџв•‘Г‘t в”ЂГ¦Гџв•‘в•–t hв”њГЎng ngay nhв”њвЊђ!',NULL,0,'2026-05-23 15:14:46'),(7,'U4937','cart_reminder','BГџв•‘Г­n cв”њв”‚ sГџв•‘Гєn phГџв•‘вЊђm в”ЂГ¦ang chГџв•—ВҐ! в‰ЎЖ’ВўГ†','SГџв•‘Гєn phГџв•‘вЊђm \"в”њГјo Khoв”њГ­c Cardigan Len\" vГџв•‘ВЅn в”ЂГ¦ang в”ЂГ¦Гџв•—Гєi bГџв•‘Г­n trong giГџв•—Г… hв”њГЎng. Hв”њГєy hoв”њГЎn tГџв•‘Г‘t в”ЂГ¦Гџв•‘в•–t hв”њГЎng ngay nhв”њвЊђ!',NULL,1,'2026-05-23 15:14:46'),(8,'U01','new_order','в”ЂГ‰в•ћГ­n hв”њГЎng mГџв•—Вўi #O0030','Cв”њв”‚ в”ЂГ¦в•ћГ­n hв”њГЎng mГџв•—Вўi #O0030 tГџв•—ВЅ khв”њГ­ch hв”њГЎng, tГџв•—ГІng tiГџв•—Гјn 1.301.500 VNв”ЂГ‰. Vui lв”њв–“ng xГџв•—ВЎ lв”њв•њ.','O0030',0,'2026-05-23 20:16:08'),(9,'U01','new_order','в”ЂГ‰в•ћГ­n hв”њГЎng mГџв•—Вўi #O0031','Cв”њв”‚ в”ЂГ¦в•ћГ­n hв”њГЎng mГџв•—Вўi #O0031 tГџв•—ВЅ khв”њГ­ch hв”њГЎng, tГџв•—ГІng tiГџв•—Гјn 205.000 VNв”ЂГ‰. Vui lв”њв–“ng xГџв•—ВЎ lв”њв•њ.','O0031',0,'2026-05-23 21:25:52'),(10,'U4937','order_shipping','в”ЂГ‰в•ћГ­n hв”њГЎng в”ЂГ¦ang в”ЂГ¦в•ћв–‘Гџв•—Гєc giao','в”ЂГ‰в•ћГ­n hв”њГЎng #O0031 в”ЂГ¦в”њГє в”ЂГ¦в•ћв–‘Гџв•—Гєc bв”њГЎn giao cho в”ЂГ¦в•ћГ­n vГџв•—ГЇ vГџв•‘ВЎn chuyГџв•—Гўn. BГџв•‘Г­n sГџв•‘в•њ nhГџв•‘ВЎn hв”њГЎng trong 1-3 ngв”њГЎy tГџв•—Вўi.','O0031',1,'2026-05-23 23:36:31'),(11,'U4937','order_completed','в”ЂГ‰в•ћГ­n hв”њГЎng hoв”њГЎn thв”њГЎnh!','в”ЂГ‰в•ћГ­n hв”њГЎng #O0031 в”ЂГ¦в”њГє hoв”њГЎn thв”њГЎnh. CГџв•‘Гєm в•ћГ­n bГџв•‘Г­n в”ЂГ¦в”њГє mua sГџв•‘В»m tГџв•‘Г­i NTK Fashion! Hв”њГєy в”ЂГ¦в”њГ­nh giв”њГ­ sГџв•‘Гєn phГџв•‘вЊђm в”ЂГ¦Гџв•—Гў nhГџв•‘ВЎn xu thв•ћв–‘Гџв•—Ж’ng nhв”њвЊђ!','O0031',1,'2026-05-23 23:38:37'),(12,'U01','new_order','в”ЂГ‰в•ћГ­n hв”њГЎng mГџв•—Вўi #O0032','Cв”њв”‚ в”ЂГ¦в•ћГ­n hв”њГЎng mГџв•—Вўi #O0032 tГџв•—ВЅ khв”њГ­ch hв”њГЎng, tГџв•—ГІng tiГџв•—Гјn 723.500 VNв”ЂГ‰. Vui lв”њв–“ng xГџв•—ВЎ lв”њв•њ.','O0032',0,'2026-05-24 00:00:51'),(13,'U01','new_order','в”ЂГ‰в•ћГ­n hв”њГЎng mГџв•—Вўi #O0033','Cв”њв”‚ в”ЂГ¦в•ћГ­n hв”њГЎng mГџв•—Вўi #O0033 tГџв•—ВЅ khв”њГ­ch hв”њГЎng, tГџв•—ГІng tiГџв•—Гјn 35.000 VNв”ЂГ‰. Vui lв”њв–“ng xГџв•—ВЎ lв”њв•њ.','O0033',0,'2026-05-24 00:00:53'),(14,'U01','new_order','в”ЂГ‰в•ћГ­n hв”њГЎng mГџв•—Вўi #O0034','Cв”њв”‚ в”ЂГ¦в•ћГ­n hв”њГЎng mГџв•—Вўi #O0034 tГџв•—ВЅ khв”њГ­ch hв”њГЎng, tГџв•—ГІng tiГџв•—Гјn 370.500 VNв”ЂГ‰. Vui lв”њв–“ng xГџв•—ВЎ lв”њв•њ.','O0034',0,'2026-05-24 00:01:37'),(15,'U01','new_order','в”ЂГ‰в•ћГ­n hв”њГЎng mГџв•—Вўi #O0035','Cв”њв”‚ в”ЂГ¦в•ћГ­n hв”њГЎng mГџв•—Вўi #O0035 tГџв•—ВЅ khв”њГ­ch hв”њГЎng, tГџв•—ГІng tiГџв•—Гјn 400.500 VNв”ЂГ‰. Vui lв”њв–“ng xГџв•—ВЎ lв”њв•њ.','O0035',0,'2026-05-24 00:02:48'),(16,'U4937','order_shipping','в”ЂГ‰в•ћГ­n hв”њГЎng в”ЂГ¦ang в”ЂГ¦в•ћв–‘Гџв•—Гєc giao','в”ЂГ‰в•ћГ­n hв”њГЎng #O0035 в”ЂГ¦в”њГє в”ЂГ¦в•ћв–‘Гџв•—Гєc bв”њГЎn giao cho в”ЂГ¦в•ћГ­n vГџв•—ГЇ vГџв•‘ВЎn chuyГџв•—Гўn. BГџв•‘Г­n sГџв•‘в•њ nhГџв•‘ВЎn hв”њГЎng trong 1-3 ngв”њГЎy tГџв•—Вўi.','O0035',1,'2026-05-24 00:03:14'),(17,'U4937','order_completed','в”ЂГ‰в•ћГ­n hв”њГЎng hoв”њГЎn thв”њГЎnh!','в”ЂГ‰в•ћГ­n hв”њГЎng #O0035 в”ЂГ¦в”њГє hoв”њГЎn thв”њГЎnh. CГџв•‘Гєm в•ћГ­n bГџв•‘Г­n в”ЂГ¦в”њГє mua sГџв•‘В»m tГџв•‘Г­i NTK Fashion! Hв”њГєy в”ЂГ¦в”њГ­nh giв”њГ­ sГџв•‘Гєn phГџв•‘вЊђm в”ЂГ¦Гџв•—Гў nhГџв•‘ВЎn xu thв•ћв–‘Гџв•—Ж’ng nhв”њвЊђ!','O0035',1,'2026-05-24 00:03:23'),(18,'U01','new_order','в”ЂГ‰в•ћГ­n hв”њГЎng mГџв•—Вўi #O0036','Cв”њв”‚ в”ЂГ¦в•ћГ­n hв”њГЎng mГџв•—Вўi #O0036 tГџв•—ВЅ khв”њГ­ch hв”њГЎng, tГџв•—ГІng tiГџв•—Гјn 409.850 VNв”ЂГ‰. Vui lв”њв–“ng xГџв•—ВЎ lв”њв•њ.','O0036',0,'2026-05-24 09:08:13'),(19,'U01','new_order','в”ЂГ‰в•ћГ­n hв”њГЎng mГџв•—Вўi #O0037','Cв”њв”‚ в”ЂГ¦в•ћГ­n hв”њГЎng mГџв•—Вўi #O0037 tГџв•—ВЅ khв”њГ­ch hв”њГЎng, tГџв•—ГІng tiГџв•—Гјn 380.500 VNв”ЂГ‰. Vui lв”њв–“ng xГџв•—ВЎ lв”њв•њ.','O0037',0,'2026-05-24 09:17:13'),(20,'U4937','order_shipping','в”ЂГ‰в•ћГ­n hв”њГЎng в”ЂГ¦ang в”ЂГ¦в•ћв–‘Гџв•—Гєc giao','в”ЂГ‰в•ћГ­n hв”њГЎng #O0036 в”ЂГ¦в”њГє в”ЂГ¦в•ћв–‘Гџв•—Гєc bв”њГЎn giao cho в”ЂГ¦в•ћГ­n vГџв•—ГЇ vГџв•‘ВЎn chuyГџв•—Гўn. BГџв•‘Г­n sГџв•‘в•њ nhГџв•‘ВЎn hв”њГЎng trong 1-3 ngв”њГЎy tГџв•—Вўi.','O0036',1,'2026-05-24 09:17:29'),(21,'U3237','return_request','Yв”њВ¬u cГџв•‘Вєu trГџв•‘Гє hв”њГЎng в”ЂГ¦в”њГє в”ЂГ¦в•ћв–‘Гџв•—Гєc gГџв•—ВЎi','Yв”њВ¬u cГџв•‘Вєu trГџв•‘Гє hв”њГЎng cho в”ЂГ¦в•ћГ­n hв”њГЎng #O0020 в”ЂГ¦в”њГє в”ЂГ¦в•ћв–‘Гџв•—Гєc gГџв•—ВЎi thв”њГЎnh cв”њв”¤ng. Admin sГџв•‘в•њ xem xв”њвЊђt vв”њГЎ phГџв•‘Гєn hГџв•—Гґi trong vв”њв–“ng 24 giГџв•—ВҐ.','O0020',1,'2026-05-24 13:57:15'),(22,'U01','new_order','в”ЂГ‰в•ћГ­n hв”њГЎng mГџв•—Вўi #O0038','Cв”њв”‚ в”ЂГ¦в•ћГ­n hв”њГЎng mГџв•—Вўi #O0038 tГџв•—ВЅ khв”њГ­ch hв”њГЎng, tГџв•—ГІng tiГџв•—Гјn 362.000 VNв”ЂГ‰. Vui lв”њв–“ng xГџв•—ВЎ lв”њв•њ.','O0038',0,'2026-05-24 13:59:43'),(23,'U3237','order_cancelled','в”ЂГ‰в•ћГ­n hв”њГЎng в”ЂГ¦в”њГє hГџв•—Вєy','в”ЂГ‰в•ћГ­n hв”њГЎng #O0008 в”ЂГ¦в”њГє в”ЂГ¦в•ћв–‘Гџв•—Гєc hГџв•—Вєy thв”њГЎnh cв”њв”¤ng. SГџв•—Г¦ tiГџв•—Гјn 205.000 VNв”ЂГ‰ sГџв•‘в•њ в”ЂГ¦в•ћв–‘Гџв•—Гєc hoв”њГЎn vв”њГЎo vв”њВЎ cГџв•—Вєa bГџв•‘Г­n trong 1-3 ngв”њГЎy lв”њГЎm viГџв•—Г§c.','O0008',1,'2026-05-24 14:05:09'),(24,'U01','new_order','в”ЂГ‰в•ћГ­n hв”њГЎng mГџв•—Вўi #O0039','Cв”њв”‚ в”ЂГ¦в•ћГ­n hв”њГЎng mГџв•—Вўi #O0039 tГџв•—ВЅ khв”њГ­ch hв”њГЎng, tГџв•—ГІng tiГџв•—Гјn 290.000 VNв”ЂГ‰. Vui lв”њв–“ng xГџв•—ВЎ lв”њв•њ.','O0039',0,'2026-05-24 15:53:07'),(25,'U4937','order_placed','в”ЂГ‰Гџв•‘в•–t hв”њГЎng thв”њГЎnh cв”њв”¤ng #O0040','в”ЂГ‰в•ћГ­n hв”њГЎng #O0040 cГџв•—Вєa bГџв•‘Г­n в”ЂГ¦в”њГє в”ЂГ¦в•ћв–‘Гџв•—Гєc ghi nhГџв•‘ВЎn. TГџв•—ГІng thanh toв”њГ­n lв”њГЎ 685.250 VNв”ЂГ‰.','O0040',1,'2026-05-26 22:55:00'),(26,'U01','new_order','в”ЂГ‰в•ћГ­n hв”њГЎng mГџв•—Вўi #O0040','Cв”њв”‚ в”ЂГ¦в•ћГ­n hв”њГЎng mГџв•—Вўi #O0040 tГџв•—ВЅ khв”њГ­ch hв”њГЎng, tГџв•—ГІng tiГџв•—Гјn 685.250 VNв”ЂГ‰. Vui lв”њв–“ng xГџв•—ВЎ lв”њв•њ.','O0040',0,'2026-05-26 22:55:00'),(27,'U4937','order_placed','в”ЂГ‰Гџв•‘в•–t hв”њГЎng thв”њГЎnh cв”њв”¤ng #O0041','в”ЂГ‰в•ћГ­n hв”њГЎng #O0041 cГџв•—Вєa bГџв•‘Г­n в”ЂГ¦в”њГє в”ЂГ¦в•ћв–‘Гџв•—Гєc ghi nhГџв•‘ВЎn. TГџв•—ГІng thanh toв”њГ­n lв”њГЎ 251.500 VNв”ЂГ‰.','O0041',0,'2026-05-26 23:11:49'),(28,'U01','new_order','в”ЂГ‰в•ћГ­n hв”њГЎng mГџв•—Вўi #O0041','Cв”њв”‚ в”ЂГ¦в•ћГ­n hв”њГЎng mГџв•—Вўi #O0041 tГџв•—ВЅ khв”њГ­ch hв”њГЎng, tГџв•—ГІng tiГџв•—Гјn 251.500 VNв”ЂГ‰. Vui lв”њв–“ng xГџв•—ВЎ lв”њв•њ.','O0041',0,'2026-05-26 23:11:49'),(29,'U4937','order_placed','в”ЂГ‰Гџв•‘в•–t hв”њГЎng thв”њГЎnh cв”њв”¤ng #O0042','в”ЂГ‰в•ћГ­n hв”њГЎng #O0042 cГџв•—Вєa bГџв•‘Г­n в”ЂГ¦в”њГє в”ЂГ¦в•ћв–‘Гџв•—Гєc ghi nhГџв•‘ВЎn. TГџв•—ГІng thanh toв”њГ­n lв”њГЎ 478.700 VNв”ЂГ‰.','O0042',0,'2026-05-27 09:00:20'),(30,'U01','new_order','в”ЂГ‰в•ћГ­n hв”њГЎng mГџв•—Вўi #O0042','Cв”њв”‚ в”ЂГ¦в•ћГ­n hв”њГЎng mГџв•—Вўi #O0042 tГџв•—ВЅ khв”њГ­ch hв”њГЎng, tГџв•—ГІng tiГџв•—Гјn 478.700 VNв”ЂГ‰. Vui lв”њв–“ng xГџв•—ВЎ lв”њв•њ.','O0042',0,'2026-05-27 09:00:20'),(31,'U4937','order_placed','в”ЂГ‰Гџв•‘в•–t hв”њГЎng thв”њГЎnh cв”њв”¤ng #O0043','в”ЂГ‰в•ћГ­n hв”њГЎng #O0043 cГџв•—Вєa bГџв•‘Г­n в”ЂГ¦в”њГє в”ЂГ¦в•ћв–‘Гџв•—Гєc ghi nhГџв•‘ВЎn. TГџв•—ГІng thanh toв”њГ­n lв”њГЎ 283.100 VNв”ЂГ‰.','O0043',0,'2026-05-27 09:36:15'),(32,'U01','new_order','в”ЂГ‰в•ћГ­n hв”њГЎng mГџв•—Вўi #O0043','Cв”њв”‚ в”ЂГ¦в•ћГ­n hв”њГЎng mГџв•—Вўi #O0043 tГџв•—ВЅ khв”њГ­ch hв”њГЎng, tГџв•—ГІng tiГџв•—Гјn 283.100 VNв”ЂГ‰. Vui lв”њв–“ng xГџв•—ВЎ lв”њв•њ.','O0043',0,'2026-05-27 09:36:15'),(33,'U4937','order_placed','в”ЂГ‰Гџв•‘в•–t hв”њГЎng thв”њГЎnh cв”њв”¤ng #O0044','в”ЂГ‰в•ћГ­n hв”њГЎng #O0044 cГџв•—Вєa bГџв•‘Г­n в”ЂГ¦в”њГє в”ЂГ¦в•ћв–‘Гџв•—Гєc ghi nhГџв•‘ВЎn. TГџв•—ГІng thanh toв”њГ­n lв”њГЎ 311.000 VNв”ЂГ‰.','O0044',1,'2026-05-27 14:00:27'),(34,'U01','new_order','в”ЂГ‰в•ћГ­n hв”њГЎng mГџв•—Вўi #O0044','Cв”њв”‚ в”ЂГ¦в•ћГ­n hв”њГЎng mГџв•—Вўi #O0044 tГџв•—ВЅ khв”њГ­ch hв”њГЎng, tГџв•—ГІng tiГџв•—Гјn 311.000 VNв”ЂГ‰. Vui lв”њв–“ng xГџв•—ВЎ lв”њв•њ.','O0044',0,'2026-05-27 14:00:27'),(35,'U4937','system','NhГџв•‘ВЎn в”ЂГ¦iГџв•—Гўm thв•ћв–‘Гџв•—Ж’ng','TuyГџв•—Г§t vГџв•—ВҐi! BГџв•‘Г­n nhГџв•‘ВЎn в”ЂГ¦в•ћв–‘Гџв•—Гєc 40 в”ЂГ¦iГџв•—Гўm tГџв•—ВЅ viГџв•—Г§c hoв”њГЎn thв”њГЎnh в”ЂГ¦в•ћГ­n hв”њГЎng #O0036.',NULL,0,'2026-05-27 14:01:59'),(36,'U4937','order_completed','в”ЂГ‰в•ћГ­n hв”њГЎng hoв”њГЎn thв”њГЎnh!','в”ЂГ‰в•ћГ­n hв”њГЎng #O0036 в”ЂГ¦в”њГє hoв”њГЎn thв”њГЎnh. CГџв•‘Гєm в•ћГ­n bГџв•‘Г­n в”ЂГ¦в”њГє mua sГџв•‘В»m tГџв•‘Г­i NTK Fashion! Hв”њГєy в”ЂГ¦в”њГ­nh giв”њГ­ sГџв•‘Гєn phГџв•‘вЊђm в”ЂГ¦Гџв•—Гў nhГџв•‘ВЎn xu thв•ћв–‘Гџв•—Ж’ng nhв”њвЊђ!','O0036',0,'2026-05-27 14:01:59'),(37,'U4937','system','NhГџв•‘ВЎn в”ЂГ¦iГџв•—Гўm thв•ћв–‘Гџв•—Ж’ng','TuyГџв•—Г§t vГџв•—ВҐi! BГџв•‘Г­n nhГџв•‘ВЎn в”ЂГ¦в•ћв–‘Гџв•—Гєc 200 в”ЂГ¦iГџв•—Гўm tГџв•—ВЅ viГџв•—Г§c в”ЂГ¦в”њГ­nh giв”њГ­ sГџв•‘Гєn phГџв•‘вЊђm.',NULL,0,'2026-05-27 14:02:37');
/*!40000 ALTER TABLE `notifications` ENABLE KEYS */;
UNLOCK TABLES;

--
-- Table structure for table `order_details`
--

DROP TABLE IF EXISTS `order_details`;
/*!40101 SET @saved_cs_client     = @@character_set_client */;
/*!40101 SET character_set_client = utf8 */;
CREATE TABLE `order_details` (
  `detail_id` char(5) NOT NULL,
  `order_id` char(5) DEFAULT NULL,
  `variant_id` char(5) DEFAULT NULL,
  `quantity` int(11) DEFAULT NULL,
  `price` decimal(15,2) DEFAULT NULL,
  `feedback` varchar(500) DEFAULT NULL,
  `is_reviewed` int(11) DEFAULT 0,
  `product_name` varchar(200) DEFAULT NULL,
  `unit_price` decimal(15,2) DEFAULT NULL,
  PRIMARY KEY (`detail_id`),
  KEY `fk_detail_order` (`order_id`),
  KEY `fk_detail_variant` (`variant_id`),
  CONSTRAINT `fk_detail_order` FOREIGN KEY (`order_id`) REFERENCES `orders` (`order_id`),
  CONSTRAINT `fk_detail_variant` FOREIGN KEY (`variant_id`) REFERENCES `product_variants` (`variant_id`)
) ENGINE=InnoDB DEFAULT CHARSET=utf8mb4 COLLATE=utf8mb4_general_ci;
/*!40101 SET character_set_client = @saved_cs_client */;

--
-- Dumping data for table `order_details`
--

LOCK TABLES `order_details` WRITE;
/*!40000 ALTER TABLE `order_details` DISABLE KEYS */;
INSERT INTO `order_details` VALUES ('D0006','O0002','V165',1,170000.00,NULL,0,'в”њГјo Len CГџв•—ГІ Trв”њв–“n Lв”њв”¤ng ThГџв•—Г…',NULL),('D0008','O0004','V165',2,170000.00,NULL,0,'в”њГјo Len CГџв•—ГІ Trв”њв–“n Lв”њв”¤ng ThГџв•—Г…',NULL),('D0009','O0005','V140',1,153000.00,NULL,0,'QuГџв•‘Вєn Vв”њГ­y NgГџв•‘В»n Dв”њГ­ng Xoв”њВї',NULL),('D0010','O0006','V167',1,255000.00,NULL,0,'в”њГјo Len KГџв•‘в•— SГџв•—Г¬c Thu в”ЂГ‰в”њв”¤ng',NULL),('D0011','O0007','V169',1,153000.00,NULL,0,'в”њГјo Len MГџв•—Г…ng CГџв•—Г–c Tay',NULL),('D0012','O0008','V168',1,170000.00,NULL,0,'в”њГјo Lв”њв”¤ng ThГџв•—Г… Dв”њГЎi Tay',NULL),('D0013','O0009','V167',1,255000.00,NULL,0,'в”њГјo Len KГџв•‘в•— SГџв•—Г¬c Thu в”ЂГ‰в”њв”¤ng',NULL),('D0014','O0010','V165',2,170000.00,NULL,0,'в”њГјo Len CГџв•—ГІ Trв”њв–“n Lв”њв”¤ng ThГџв•—Г…',NULL),('D0015','O0011','V165',1,170000.00,NULL,0,'в”њГјo Len CГџв•—ГІ Trв”њв–“n Lв”њв”¤ng ThГџв•—Г…',NULL),('D0017','O0013','V165',1,170000.00,NULL,0,'в”њГјo Len CГџв•—ГІ Trв”њв–“n Lв”њв”¤ng ThГџв•—Г…',NULL),('D0019','O0015','V165',1,170000.00,NULL,0,'в”њГјo Len CГџв•—ГІ Trв”њв–“n Lв”њв”¤ng ThГџв•—Г…',NULL),('D0020','O0016','V165',1,170000.00,NULL,0,'в”њГјo Len CГџв•—ГІ Trв”њв–“n Lв”њв”¤ng ThГџв•—Г…',NULL),('D0021','O0017','V165',1,170000.00,NULL,0,'в”њГјo Len CГџв•—ГІ Trв”њв–“n Lв”њв”¤ng ThГџв•—Г…',NULL),('D0023','O0020','V165',2,170000.00,NULL,0,'в”њГјo Len CГџв•—ГІ Trв”њв–“n Lв”њв”¤ng ThГџв•—Г…',NULL),('D0025','O0022','V167',1,255000.00,NULL,0,'в”њГјo Len KГџв•‘в•— SГџв•—Г¬c Thu в”ЂГ‰в”њв”¤ng',NULL),('D0026','O0023','V165',2,170000.00,NULL,0,'в”њГјo Len CГџв•—ГІ Trв”њв–“n Lв”њв”¤ng ThГџв•—Г…',NULL),('D0027','O0024','V165',1,170000.00,NULL,0,'в”њГјo Len CГџв•—ГІ Trв”њв–“n Lв”њв”¤ng ThГџв•—Г…',NULL),('D0028','O0024','V034',1,187000.00,NULL,0,'в”њГјo babytee в”ЂГ¦Гџв•—вЊђng form',NULL),('D0029','O0025','V025',3,340000.00,NULL,0,'в”њГјo babytee chГџв•‘Г‘m bi',NULL),('D0030','O0025','V165',1,170000.00,NULL,0,'в”њГјo Len CГџв•—ГІ Trв”њв–“n Lв”њв”¤ng ThГџв•—Г…',NULL),('D0031','O0026','V165',2,170000.00,NULL,0,'в”њГјo Len CГџв•—ГІ Trв”њв–“n Lв”њв”¤ng ThГџв•—Г…',NULL),('D0032','O0027','V165',1,170000.00,NULL,0,'в”њГјo Len CГџв•—ГІ Trв”њв–“n Lв”њв”¤ng ThГџв•—Г…',NULL),('D0033','O0027','V167',1,255000.00,NULL,0,'в”њГјo Len KГџв•‘в•— SГџв•—Г¬c Thu в”ЂГ‰в”њв”¤ng',NULL),('D0034','O0028','V165',2,170000.00,NULL,0,'в”њГјo Len CГџв•—ГІ Trв”њв–“n Lв”њв”¤ng ThГџв•—Г…',NULL),('D0035','O0028','V033',1,374000.00,NULL,0,'в”њГјo babytee в”ЂГ¦Гџв•—вЊђng form',NULL),('D0036','O0029','V166',1,340000.00,NULL,0,'в”њГјo Len CГџв•—ГІ Trв”њв–“n Lв”њв”¤ng ThГџв•—Г…',NULL),('D0037','O0029','V168',1,170000.00,NULL,0,'в”њГјo Lв”њв”¤ng ThГџв•—Г… Dв”њГЎi Tay',NULL),('D0038','O0030','V163',3,365500.00,NULL,0,'в”њГјo Khoв”њГ­c Cardigan Len',NULL),('D0039','O0030','V165',1,170000.00,NULL,0,'в”њГјo Len CГџв•—ГІ Trв”њв–“n Lв”њв”¤ng ThГџв•—Г…',NULL),('D0040','O0031','V165',1,170000.00,NULL,0,'в”њГјo Len CГџв•—ГІ Trв”њв–“n Lв”њв”¤ng ThГџв•—Г…',NULL),('D0041','O0032','V164',1,348500.00,NULL,0,'в”њГјo Khoв”њГ­c Cardigan Len',NULL),('D0042','O0032','V166',1,340000.00,NULL,0,'в”њГјo Len CГџв•—ГІ Trв”њв–“n Lв”њв”¤ng ThГџв•—Г…',NULL),('D0043','O0034','V163',1,365500.00,NULL,0,'в”њГјo Khoв”њГ­c Cardigan Len',NULL),('D0044','O0035','V163',1,365500.00,NULL,0,'в”њГјo Khoв”њГ­c Cardigan Len',NULL),('D0045','O0036','V043',1,170000.00,NULL,0,'в”њГјo khoв”њГ­c dв”њв•Ј',NULL),('D0046','O0036','V044',1,246500.00,NULL,0,'в”њГјo khoв”њГ­c dв”њв•Ј',NULL),('D0047','O0037','V163',1,365500.00,NULL,0,'в”њГјo Khoв”њГ­c Cardigan Len',NULL),('D0048','O0038','V029',1,357000.00,NULL,0,'в”њГјo Babytee Lucky Horse',NULL),('D0049','O0039','V167',1,255000.00,NULL,0,'в”њГјo Len KГџв•‘в•— SГџв•—Г¬c Thu в”ЂГ‰в”њв”¤ng',NULL),('D0050','O0040','V011',1,357000.00,NULL,0,'в”њГјo thun babytee basic',NULL),('D0051','O0040','V111',1,365500.00,NULL,0,'в”њГјo Sв•ћГ­ Mi CГџв•—Г–c Tay Form RГџв•—Г–ng',NULL),('D0052','O0041','V036',1,246500.00,NULL,0,'в”њГјo Baby Tee \"I Love Cat\"',NULL),('D0053','O0042','V036',2,246500.00,NULL,0,'в”њГјo Baby Tee \"I Love Cat\"',NULL),('D0054','O0043','V185',1,309000.00,NULL,0,'в”њГјo Polo ChiГџв•‘в”ђt Eo Tay BГџв•—Гґng',NULL),('D0055','O0044','V084',1,340000.00,NULL,0,'в”њГјo Hoodie Zip ORIGINALS',NULL),('DT001','ORD01','V001',1,159000.00,'в”њГјo rГџв•‘Г‘t в”ЂГ¦Гџв•‘в•Јp, chГџв•‘Г‘t vГџв•‘Гєi co giв”њГєn tГџв•—Г¦t!',0,NULL,NULL),('DT002','ORD01','V051',1,289000.00,'VГџв•‘Гєi dв”њГЎy dГџв•‘в•–n, Гџв•‘Г‘m в”њГ­p.',0,NULL,NULL),('DT003','ORD02','V072',1,189000.00,'MГџв•‘в•–c rГџв•‘Г‘t tв”њв”¤n dв”њГ­ng.',0,NULL,NULL),('DT004','ORD02','V005',1,149000.00,'Giao hв”њГЎng nhanh.',0,NULL,NULL),('DT005','ORD03','V037',2,349000.00,'MГџв•—Г¬i ngв•ћв–‘Гџв•—ВҐi nв”њВ¬n mua nhв”њвЊђ!',0,NULL,NULL),('DT006','ORD03','V003',1,159000.00,'TuyГџв•—Г§t vГџв•—ВҐi, phГџв•‘Гєi Гџв•—Вєng hГџв•—Г– thв•ћв–‘в•ћГ­ng xuyв”њВ¬n.',1,NULL,NULL),('DT007','ORD04','V104',1,189000.00,'Hв”њГЎng в”ЂГ¦Гџв•‘в•Јp mв”њГЎ giв”њГ­ lГџв•‘Г­i phГџв•‘Гєi chв”ЂГўng.',0,NULL,NULL),('DT008','ORD05','V045',2,399000.00,'Nhв”њГіn viв”њВ¬n tв•ћв–‘ vГџв•‘Г‘n nhiГџв•—Г§t tв”њВјnh, giao hв”њГЎng nhanh, mв”њВјnh',0,NULL,NULL),('DT009','ORD05','V037',1,349000.00,'Shop khв”њв”¤ng bao giГџв•—ВҐ lв”њГЎm mв”њВјnh thГџв•‘Г‘t vГџв•—Г¬ng.',0,NULL,NULL),('DT010','ORD06','V142',2,219000.00,'в”ЂГ‰в”њв”‚ng gв”њв”‚i chuyв”њВ¬n nghiГџв•—Г§p, chГџв•‘Г‘t vГџв•‘Гєi xГџв•—ГЇn xв”њв–“.',0,NULL,NULL),('DT011','ORD07','V088',1,189000.00,'VГџв•‘Гєi bГџв•‘в”ђn в”ЂГ¦Гџв•‘в•Јp, в”ЂГ¦в”њГ­ng tiГџв•‘в”ђn.',0,NULL,NULL),('DT012','ORD08','V051',2,289000.00,'SГџв•‘в•њ mua lГџв•‘Г­i, rГџв•‘Г‘t в”ЂГ¦в”њГ­ng tiГџв•—Гјn.',0,NULL,NULL);
/*!40000 ALTER TABLE `order_details` ENABLE KEYS */;
UNLOCK TABLES;

--
-- Table structure for table `order_returns`
--

DROP TABLE IF EXISTS `order_returns`;
/*!40101 SET @saved_cs_client     = @@character_set_client */;
/*!40101 SET character_set_client = utf8 */;
CREATE TABLE `order_returns` (
  `return_id` int(11) NOT NULL AUTO_INCREMENT,
  `order_id` char(5) NOT NULL,
  `detail_id` char(5) DEFAULT NULL,
  `reason` varchar(500) NOT NULL,
  `image_proof` varchar(255) DEFAULT NULL,
  `status` int(11) DEFAULT 0 COMMENT '0:Pending, 1:Approved, 2:Rejected',
  `created_at` datetime DEFAULT current_timestamp(),
  `admin_note` varchar(500) DEFAULT NULL,
  PRIMARY KEY (`return_id`),
  KEY `order_id` (`order_id`),
  KEY `detail_id` (`detail_id`),
  CONSTRAINT `order_returns_ibfk_1` FOREIGN KEY (`order_id`) REFERENCES `orders` (`order_id`),
  CONSTRAINT `order_returns_ibfk_2` FOREIGN KEY (`detail_id`) REFERENCES `order_details` (`detail_id`)
) ENGINE=InnoDB AUTO_INCREMENT=4 DEFAULT CHARSET=utf8mb4 COLLATE=utf8mb4_general_ci;
/*!40101 SET character_set_client = @saved_cs_client */;

--
-- Dumping data for table `order_returns`
--

LOCK TABLES `order_returns` WRITE;
/*!40000 ALTER TABLE `order_returns` DISABLE KEYS */;
INSERT INTO `order_returns` VALUES (3,'O0020',NULL,'Hв”њГЎng bГџв•—ГЇ lГџв•—Г№i / hв•ћв–‘ hГџв•—Г…ng','assets/uploads/returns/return_O0020_1779605835.png',0,'2026-05-24 13:57:15',NULL);
/*!40000 ALTER TABLE `order_returns` ENABLE KEYS */;
UNLOCK TABLES;

--
-- Table structure for table `orders`
--

DROP TABLE IF EXISTS `orders`;
/*!40101 SET @saved_cs_client     = @@character_set_client */;
/*!40101 SET character_set_client = utf8 */;
CREATE TABLE `orders` (
  `order_id` char(5) NOT NULL,
  `payos_order_code` bigint(20) DEFAULT NULL,
  `payos_qr_code` text DEFAULT NULL,
  `user_id` char(5) DEFAULT NULL,
  `order_date` datetime DEFAULT current_timestamp(),
  `fullname` varchar(100) DEFAULT NULL,
  `phone` varchar(10) DEFAULT NULL,
  `address` varchar(500) DEFAULT NULL,
  `total_price` decimal(15,2) DEFAULT NULL,
  `shipping_fee` decimal(15,2) DEFAULT NULL,
  `shipping_method_id` char(5) DEFAULT NULL,
  `discount_value` decimal(15,2) DEFAULT NULL,
  `order_status` int(11) DEFAULT NULL,
  `final_price` decimal(15,2) DEFAULT NULL,
  `payment_status` int(11) DEFAULT 0,
  `payment_method` int(11) DEFAULT NULL,
  `coupon_id` char(5) DEFAULT NULL,
  `tracking_number` varchar(50) DEFAULT NULL,
  `wallet_used_amount` decimal(15,2) DEFAULT 0.00,
  `note` varchar(500) DEFAULT NULL,
  `payos_checkout_url` varchar(1000) DEFAULT NULL,
  `cancel_reason` varchar(500) DEFAULT NULL,
  `cancel_requested_at` datetime DEFAULT NULL,
  `return_reason` varchar(500) DEFAULT NULL,
  `return_image` varchar(500) DEFAULT NULL,
  `return_requested_at` datetime DEFAULT NULL,
  `delivery_failed_at` datetime DEFAULT NULL,
  `admin_note` varchar(500) DEFAULT NULL,
  `freeship_coupon_id` char(5) DEFAULT NULL,
  `freeship_discount_value` decimal(15,2) DEFAULT 0.00,
  PRIMARY KEY (`order_id`),
  KEY `fk_order_user` (`user_id`),
  KEY `fk_order_coupon` (`coupon_id`),
  KEY `fk_order_ship` (`shipping_method_id`),
  CONSTRAINT `fk_order_coupon` FOREIGN KEY (`coupon_id`) REFERENCES `coupons` (`coupon_id`),
  CONSTRAINT `fk_order_ship` FOREIGN KEY (`shipping_method_id`) REFERENCES `shipping_methods` (`shipping_method_id`),
  CONSTRAINT `fk_order_user` FOREIGN KEY (`user_id`) REFERENCES `users` (`user_id`)
) ENGINE=InnoDB DEFAULT CHARSET=utf8mb4 COLLATE=utf8mb4_general_ci;
/*!40101 SET character_set_client = @saved_cs_client */;

--
-- Dumping data for table `orders`
--

LOCK TABLES `orders` WRITE;
/*!40000 ALTER TABLE `orders` DISABLE KEYS */;
INSERT INTO `orders` VALUES ('O0002',2604207261,NULL,'U3237','2026-04-20 20:13:59','Tram Nguyen','0373546431','HГџв•—Гґ Chв”њВЎ Minh',205000.00,35000.00,NULL,NULL,0,205000.00,0,2,NULL,NULL,0.00,'',NULL,NULL,NULL,NULL,NULL,NULL,NULL,NULL,NULL,0.00),('O0004',2604202477,'00020101021238590010A000000727012900069704180115V3CAS62627239240208QRIBFTTA530370454063750005802VN62250821CSPZKHEL6A2 NTK O000463044729','U3237','2026-04-20 20:50:31','Tram Nguyen','0373546431','HГџв•—Гґ Chв”њВЎ Minh',375000.00,35000.00,NULL,NULL,0,375000.00,0,2,NULL,NULL,0.00,'','https://pay.payos.vn/web/a3c93636f3844eb899f5ad1cee488633',NULL,NULL,NULL,NULL,NULL,NULL,NULL,NULL,0.00),('O0005',2604207573,'00020101021238590010A000000727012900069704180115V3CAS62627239240208QRIBFTTA530370454061880005802VN62250821CS3GXCGU662 NTK O00056304C3F0','U3237','2026-04-20 20:53:55','Tram Nguyen','0373546431','HГџв•—Гґ Chв”њВЎ Minh',188000.00,35000.00,NULL,NULL,0,188000.00,0,2,NULL,NULL,0.00,'','https://pay.payos.vn/web/939a438485c54bc29f5ab23b52676dad',NULL,NULL,NULL,NULL,NULL,NULL,NULL,NULL,0.00),('O0006',2604209391,NULL,'U3237','2026-04-20 20:55:07','Tram Nguyen','0373546431','HГџв•—Гґ Chв”њВЎ Minh',290000.00,35000.00,NULL,NULL,1,290000.00,1,1,NULL,NULL,0.00,'',NULL,NULL,NULL,NULL,NULL,NULL,NULL,NULL,NULL,0.00),('O0007',2604201143,NULL,'U3237','2026-04-20 20:56:55','Tram Nguyen','0373546431','HГџв•—Гґ Chв”њВЎ Minh',188000.00,35000.00,NULL,NULL,1,188000.00,1,1,NULL,NULL,0.00,'',NULL,NULL,NULL,NULL,NULL,NULL,NULL,NULL,NULL,0.00),('O0008',2604209254,'00020101021238590010A000000727012900069704180115V3CAS62627239240208QRIBFTTA530370454062050005802VN62250821CSKH5XTLOH8 NTK O000863042EFB','U3237','2026-04-20 21:00:28','Tram Nguyen','0373546431','HГџв•—Гґ Chв”њВЎ Minh',205000.00,35000.00,NULL,NULL,4,205000.00,1,2,NULL,NULL,0.00,'','https://pay.payos.vn/web/1d35d523e4974b91ad50f5d49fa3d328','Khв”њГ­ch hв”њГЎng tГџв•—в–’ hГџв•—Вєy',NULL,NULL,NULL,NULL,NULL,NULL,NULL,0.00),('O0009',2604201275,NULL,'U3237','2026-04-20 21:21:19','Tram Nguyen','0373546431','HГџв•—Гґ Chв”њВЎ Minh',290000.00,35000.00,NULL,NULL,1,290000.00,1,1,NULL,NULL,0.00,'',NULL,NULL,NULL,NULL,NULL,NULL,NULL,NULL,NULL,0.00),('O0010',2604207687,NULL,'U3237','2026-04-20 21:47:35','Tram Nguyen','0373546431','HГџв•—Гґ Chв”њВЎ Minh',375000.00,35000.00,NULL,NULL,1,375000.00,0,1,NULL,NULL,0.00,'',NULL,NULL,NULL,NULL,NULL,NULL,NULL,NULL,NULL,0.00),('O0011',2604205924,NULL,'U3237','2026-04-20 21:47:53','Tram Nguyen','0373546431','HГџв•—Гґ Chв”њВЎ Minh',205000.00,35000.00,NULL,NULL,4,205000.00,0,1,NULL,NULL,0.00,'',NULL,NULL,NULL,NULL,NULL,NULL,NULL,NULL,NULL,0.00),('O0013',2604201477,NULL,'U3237','2026-04-20 21:49:21','Tram Nguyen','0373546431','HГџв•—Гґ Chв”њВЎ Minh',205000.00,35000.00,NULL,NULL,4,205000.00,0,1,NULL,NULL,0.00,'',NULL,NULL,NULL,NULL,NULL,NULL,NULL,NULL,NULL,0.00),('O0015',2604204885,'00020101021238590010A000000727012900069704180115V3CAS62627239240208QRIBFTTA530370454062050005802VN62250821CS8TZRFQK86 NTK O00156304F2EA','U3237','2026-04-20 21:50:09','Tram Nguyen','0373546431','HГџв•—Гґ Chв”њВЎ Minh',205000.00,35000.00,NULL,NULL,4,205000.00,1,2,NULL,NULL,0.00,'','https://pay.payos.vn/web/6a3d5ff0f80e48f58b4aea3293b9d897',NULL,NULL,NULL,NULL,NULL,NULL,NULL,NULL,0.00),('O0016',2604204002,'00020101021238590010A000000727012900069704180115V3CAS62627239240208QRIBFTTA530370454062050005802VN62250821CSUO0FD6OD1 NTK O00166304DFA1','U3237','2026-04-20 21:56:42','Tram Nguyen','0373546431','HГџв•—Гґ Chв”њВЎ Minh',205000.00,35000.00,NULL,NULL,4,205000.00,1,2,NULL,NULL,0.00,'','https://pay.payos.vn/web/70757ae94f3b4662aaff59c5886414ed',NULL,NULL,NULL,NULL,NULL,NULL,NULL,NULL,0.00),('O0017',2604206761,'00020101021238590010A000000727012900069704180115V3CAS62627239240208QRIBFTTA530370454062050005802VN62250821CS4XA6E4IC7 NTK O00176304A22A','U3237','2026-04-20 23:16:22','Tram Nguyen','0373546431','HГџв•—Гґ Chв”њВЎ Minh',205000.00,35000.00,NULL,NULL,1,205000.00,1,2,NULL,NULL,0.00,'','https://pay.payos.vn/web/f6e1212dfce64199b0a3857c29e6ca6d',NULL,NULL,NULL,NULL,NULL,NULL,NULL,NULL,0.00),('O0019',2604204756,'00020101021238590010A000000727012900069704180115V3CAS62627239240208QRIBFTTA53037045405350005802VN62250821CSOXH6HVWS2 NTK O001963042306','U3237','2026-04-20 23:18:38','Tram Nguyen','0373546431','HГџв•—Гґ Chв”њВЎ Minh',35000.00,35000.00,NULL,NULL,4,35000.00,1,2,NULL,NULL,0.00,'','https://pay.payos.vn/web/8a09a86005bf40f7a77d0dd1119d0be3',NULL,NULL,NULL,NULL,NULL,NULL,NULL,NULL,0.00),('O0020',2604212219,NULL,'U3237','2026-04-21 12:25:30','Tram Nguyen','0373546431','HГџв•—Гґ Chв”њВЎ Minh',375000.00,35000.00,NULL,NULL,5,375000.00,0,1,NULL,NULL,0.00,'',NULL,NULL,NULL,'Hв”њГЎng bГџв•—ГЇ lГџв•—Г№i / hв•ћв–‘ hГџв•—Г…ng','assets/uploads/returns/return_O0020_1779605835.png','2026-05-24 13:57:15',NULL,NULL,NULL,0.00),('O0022',2604225406,NULL,'U3237','2026-04-22 08:36:00','Tram Nguyen','0373546431','HГџв•—Гґ Chв”њВЎ Minh',290000.00,35000.00,NULL,NULL,4,0.00,1,2,NULL,NULL,290000.00,'',NULL,NULL,NULL,NULL,NULL,NULL,NULL,NULL,NULL,0.00),('O0023',2604225255,'00020101021238590010A000000727012900069704180115V3CAS62627239240208QRIBFTTA530370454063750005802VN62250821CSXVN4FNFO0 NTK O00236304D767','U3237','2026-04-22 20:29:46','Tram Nguyen','0373546431','HГџв•—Гґ Chв”њВЎ Minh',375000.00,35000.00,NULL,NULL,3,375000.00,0,2,NULL,NULL,0.00,'','https://pay.payos.vn/web/e4ea152ddcb04eb3aee7702c7921ebeb',NULL,NULL,NULL,NULL,NULL,NULL,NULL,NULL,0.00),('O0024',2604282610,NULL,'U3237','2026-04-28 16:05:13','Tram Nguyen','0373546431','HГџв•—Гґ Chв”њВЎ Minh',392000.00,35000.00,NULL,NULL,1,392000.00,0,1,NULL,NULL,0.00,'',NULL,NULL,NULL,NULL,NULL,NULL,NULL,NULL,NULL,0.00),('O0025',2604287810,'00020101021238590010A000000727012900069704180115V3CAS62627239240208QRIBFTTA5303704540712250005802VN62250821CSJ0L4NY9L5 NTK O002563041D5E','U5872','2026-04-28 22:00:19','lau','0329848845','xв”њв”‚m vв•ћв–‘Гџв•—ВҐn в•ћв–‘в•ћГ­m, Ia Yok, Ia Grai, Gia Lai',1225000.00,35000.00,NULL,NULL,0,1225000.00,0,2,NULL,NULL,0.00,'','https://pay.payos.vn/web/32362adfd3b44854b059af3d8da3990e',NULL,NULL,NULL,NULL,NULL,NULL,NULL,NULL,0.00),('O0026',2604286571,NULL,'U5872','2026-04-28 22:05:00','lau','0329848845','Gia Lai',375000.00,35000.00,NULL,NULL,1,375000.00,0,1,NULL,NULL,0.00,'',NULL,NULL,NULL,NULL,NULL,NULL,NULL,NULL,NULL,0.00),('O0027',2604281774,NULL,'U5872','2026-04-28 22:42:25','lau','0329848845','Gia Lai',460000.00,35000.00,NULL,NULL,1,460000.00,0,1,NULL,NULL,0.00,'',NULL,NULL,NULL,NULL,NULL,NULL,NULL,NULL,NULL,0.00),('O0028',2604295758,NULL,'U5872','2026-04-29 15:10:48','lau','0329848845','Gia Lai',749000.00,35000.00,NULL,0.00,1,749000.00,0,1,NULL,NULL,0.00,'',NULL,NULL,NULL,NULL,NULL,NULL,NULL,NULL,NULL,0.00),('O0029',2605217661,NULL,'U4937','2026-05-21 08:23:35','nghi','0938211589','ktx khu b dв”ЂвЊђ an bв”њВјnh dв•ћв–‘в•ћГ­ng, Linh Xuв”њГіn, ThГџв•—Вє в”ЂГ‰Гџв•—вЊђc, HГџв•—Гґ Chв”њВЎ Minh',545000.00,35000.00,NULL,0.00,1,545000.00,0,1,NULL,NULL,0.00,'',NULL,NULL,NULL,NULL,NULL,NULL,NULL,NULL,NULL,0.00),('O0030',2605239442,NULL,'U4937','2026-05-23 20:16:08','nghi','0938211589','ktx khu b dв”ЂвЊђ an bв”њВјnh dв•ћв–‘в•ћГ­ng, Linh Xuв”њГіn, ThГџв•—Вє в”ЂГ‰Гџв•—вЊђc, HГџв•—Гґ Chв”њВЎ Minh',1301500.00,35000.00,NULL,0.00,1,1301500.00,0,1,NULL,NULL,0.00,'',NULL,NULL,NULL,NULL,NULL,NULL,NULL,NULL,NULL,0.00),('O0031',2605236801,NULL,'U4937','2026-05-23 21:25:52','nghi','0938211589','ktx khu b dв”ЂвЊђ an bв”њВјnh dв•ћв–‘в•ћГ­ng, Dв”ЂвЊђ An, Dв”ЂвЊђ An, Bв”њВјnh Dв•ћв–‘в•ћГ­ng',205000.00,35000.00,NULL,0.00,3,205000.00,1,1,NULL,NULL,0.00,'',NULL,NULL,NULL,NULL,NULL,NULL,NULL,NULL,NULL,0.00),('O0032',2605236431,'00020101021238590010A000000727012900069704180115V3CAS62627239240208QRIBFTTA530370454067235005802VN62300826CSOKEA06K64 Don hang O00326304EEC8','U4937','2026-05-24 00:00:51','nghi','0938211589','An ThГџв•—Вўi, Bв”њВјnh ThuГџв•—в•–, CГџв•‘Вєn Thв•ћГ­',723500.00,35000.00,NULL,0.00,0,723500.00,0,2,NULL,NULL,0.00,'','https://pay.payos.vn/web/eac9a5a16f184e2fbb394e614a035f0e',NULL,NULL,NULL,NULL,NULL,NULL,NULL,NULL,0.00),('O0033',2605232353,'00020101021238590010A000000727012900069704180115V3CAS62627239240208QRIBFTTA53037045405350005802VN62300826CSHXEUC9EI9 Don hang O003363043950','U4937','2026-05-24 00:00:53','nghi','0938211589','An ThГџв•—Вўi, Bв”њВјnh ThuГџв•—в•–, CГџв•‘Вєn Thв•ћГ­',35000.00,35000.00,NULL,0.00,0,35000.00,0,2,NULL,NULL,0.00,'','https://pay.payos.vn/web/96538c1b5c0a48d5a2c73e64ce00e2f7',NULL,NULL,NULL,NULL,NULL,NULL,NULL,NULL,0.00),('O0034',2605236533,'00020101021238590010A000000727012900069704180115V3CAS62627239240208QRIBFTTA530370454063705005802VN62300826CS1CPQWPZ80 Don hang O00346304C941','U4937','2026-05-24 00:01:37','nghi','0938211589','Trв”њГ­ng ViГџв•—Г§t, Mв”њВ¬ Linh, Hв”њГЎ NГџв•—Г–i',400500.00,35000.00,NULL,30000.00,0,370500.00,0,2,'CP01',NULL,0.00,'','https://pay.payos.vn/web/7737ebb0d3424182a10902f987e8ff6c',NULL,NULL,NULL,NULL,NULL,NULL,NULL,NULL,0.00),('O0035',2605237303,NULL,'U4937','2026-05-24 00:02:48','nghi','0938211589','QuГџв•—Г¦c ToГџв•‘Гєn, QuГџв•‘Гєng Hв”њв–“a, Cao BГџв•‘в–’ng',400500.00,35000.00,NULL,0.00,3,400500.00,1,1,NULL,NULL,0.00,'',NULL,NULL,NULL,NULL,NULL,NULL,NULL,NULL,NULL,0.00),('O0036',2605242944,NULL,'U4937','2026-05-24 09:08:13','nghi','0938211589','Phв•ћв–‘в•ћГ­ng в”ЂГ‰Гџв•—Г–, Hв”њГЎ Giang, Hв”њГЎ Giang',451500.00,35000.00,NULL,41650.00,3,409850.00,1,1,'CP111',NULL,0.00,'',NULL,NULL,NULL,NULL,NULL,NULL,NULL,NULL,NULL,0.00),('O0037',2605241770,NULL,'U4937','2026-05-24 09:17:13','Nghi','0938211589','Yв”њВ¬n MГџв•—в•Ј, LГџв•‘Г­ng Giang, BГџв•‘В»c Giang',400500.00,35000.00,NULL,20000.00,1,380500.00,0,1,'CP02',NULL,0.00,'',NULL,NULL,NULL,NULL,NULL,NULL,NULL,NULL,NULL,0.00),('O0038',2605241626,NULL,'U3237','2026-05-24 13:59:43','Tram Nguyen','0373546431','HГџв•—Гґ Chв”њВЎ Minh',392000.00,35000.00,NULL,30000.00,1,362000.00,0,1,'CP01',NULL,0.00,'',NULL,NULL,NULL,NULL,NULL,NULL,NULL,NULL,NULL,0.00),('O0039',2605244175,NULL,'U3237','2026-05-24 15:53:07','Tram Nguyen','0373546431','HГџв•—Гґ Chв”њВЎ Minh',290000.00,35000.00,NULL,0.00,1,290000.00,0,1,NULL,NULL,0.00,'',NULL,NULL,NULL,NULL,NULL,NULL,NULL,NULL,NULL,0.00),('O0040',2605265184,NULL,'U4937','2026-05-26 22:55:00','nghi','0938211589','ktx khu b dв”ЂвЊђ an bв”њВјnh dв•ћв–‘в•ћГ­ng, в”ЂГ‰в”њв”¤ng Hв”њв–“a, Dв”ЂвЊђ An, Bв”њВјnh Dв•ћв–‘в•ћГ­ng',757500.00,35000.00,NULL,72250.00,1,685250.00,0,1,'CP111',NULL,0.00,'',NULL,NULL,NULL,NULL,NULL,NULL,NULL,NULL,NULL,0.00),('O0041',2605268217,NULL,'U4937','2026-05-26 23:11:49','nghi','0938211589','Bв”њВјnh Dв•ћв–‘в•ћГ­ng',271500.00,25000.00,'S03',20000.00,1,251500.00,0,1,'CP02',NULL,0.00,'',NULL,NULL,NULL,NULL,NULL,NULL,NULL,NULL,NULL,0.00),('O0042',2605273222,NULL,'U4937','2026-05-27 09:00:20','nghi','0938211589','Bв”њВјnh Dв•ћв–‘в•ћГ­ng',528000.00,35000.00,NULL,49300.00,1,478700.00,0,1,'CP111',NULL,0.00,'',NULL,NULL,NULL,NULL,NULL,NULL,NULL,NULL,NULL,0.00),('O0043',2605271462,NULL,'U4937','2026-05-27 09:36:15','nghi','0938211589','Bв”њВјnh Dв•ћв–‘в•ћГ­ng',334000.00,25000.00,'S03',30900.00,1,283100.00,0,1,'CP111',NULL,0.00,'',NULL,NULL,NULL,NULL,NULL,NULL,NULL,NULL,'CP02',20000.00),('O0044',2605276820,NULL,'U4937','2026-05-27 14:00:27','nghi','0938211589','Bв”њВјnh Dв•ћв–‘в•ћГ­ng',375000.00,35000.00,'S01',34000.00,1,311000.00,0,1,'CP111',NULL,0.00,'',NULL,NULL,NULL,NULL,NULL,NULL,NULL,NULL,'CP778',30000.00),('ORD01',NULL,NULL,'U02','2025-01-10 00:00:00','NguyГџв•—Г n Vв”ЂГўn A','0375788987','123 Lв”њВ¬ LГџв•—Гєi, Q1, HCM',450000.00,30000.00,'S01',30000.00,0,450000.00,0,0,'CP01','ORD01-U02-TN',0.00,NULL,NULL,NULL,NULL,NULL,NULL,NULL,NULL,NULL,NULL,0.00),('ORD02',NULL,NULL,'U03','2025-01-15 00:00:00','TrГџв•‘Вєn ThГџв•—ГЇ B','0964326512','45 CГџв•‘Вєu GiГџв•‘Г‘y, Hв”њГЎ NГџв•—Г–i',300000.00,30000.00,'S02',30000.00,1,300000.00,0,0,'CP02','ORD02-U03-TN',100000.00,NULL,NULL,NULL,NULL,NULL,NULL,NULL,NULL,NULL,NULL,0.00),('ORD03',NULL,NULL,'U05','2025-02-01 00:00:00','Hoв”њГЎng Long','0987654321','15 Lв”њВ¬ DuГџв•‘вЊђn, в”ЂГ‰в”њГЎ NГџв•‘в•Ўng',800000.00,30000.00,'S03',30000.00,2,800000.00,0,1,'CP03','ORD03-U05-TN',0.00,NULL,NULL,NULL,NULL,NULL,NULL,NULL,NULL,NULL,NULL,0.00),('ORD04',NULL,NULL,'U06','2025-02-05 00:00:00','NguyГџв•—Г n Thanh ThГџв•—Вєy','0912345678','88 NguyГџв•—Г n HuГџв•—Г§, Q1, HCM',250000.00,30000.00,'S04',30000.00,3,250000.00,1,2,NULL,'ORD04-U06-TN',50000.00,NULL,NULL,NULL,NULL,NULL,NULL,NULL,NULL,NULL,NULL,0.00),('ORD05',NULL,NULL,'U08','2025-02-10 00:00:00','Vв”њв•Ў KiГџв•—Гјu Oanh','0934556677','200 Phan Chu Trinh, HuГџв•‘в”ђ',1200000.00,30000.00,'S01',30000.00,2,1200000.00,0,1,'CP04','ORD05-U08-TN',30000.00,NULL,NULL,NULL,NULL,NULL,NULL,NULL,NULL,NULL,NULL,0.00),('ORD06',NULL,NULL,'U09','2025-02-12 00:00:00','в”ЂГ‰Гџв•—Г№ в”ЂГ‰Гџв•—вЊђc Anh','0977889900','45 Lв”њГ­ng HГџв•‘Г­, в”ЂГ‰Гџв•—Г¦ng в”ЂГ‰a, Hв”њГЎ NГџв•—Г–i',500000.00,30000.00,'S02',30000.00,1,500000.00,0,2,'CP05','ORD06-U09-TN',0.00,NULL,NULL,NULL,NULL,NULL,NULL,NULL,NULL,NULL,NULL,0.00),('ORD07',NULL,NULL,'U11','2025-02-14 00:00:00','Ngв”њв”¤ Xuв”њГіn Bв”њГ­ch','0944332211','102 Quang Trung, Gв”њв–“ VГџв•‘Г‘p, HCM',190000.00,30000.00,'S03',28500.00,3,191500.00,0,1,NULL,'ORD07-U11-TN',20000.00,NULL,NULL,NULL,NULL,NULL,NULL,NULL,NULL,NULL,NULL,0.00),('ORD08',NULL,NULL,'U13','2025-02-18 00:00:00','TrГџв•‘Вєn Gia Huy','0909123456','32 Hв”њв•Јng Vв•ћв–‘в•ћГ­ng, Nha Trang',600000.00,30000.00,'S04',30000.00,4,600000.00,0,0,'CP01','ORD08-U13-TN',100000.00,NULL,NULL,NULL,NULL,NULL,NULL,NULL,NULL,NULL,NULL,0.00),('ORD09',NULL,NULL,'U15','2025-02-20 00:00:00','Phan QuГџв•—Г¦c BГџв•‘Гєo','0911223344','15 Hв”њв–“a Bв”њВјnh, Biв”њВ¬n Hв”њв–“a',350000.00,30000.00,'S01',30000.00,1,350000.00,0,1,'CP02','ORD09-U15-TN',50000.00,NULL,NULL,NULL,NULL,NULL,NULL,NULL,NULL,NULL,NULL,0.00),('ORD10',NULL,NULL,'U18','2025-02-25 00:00:00','Chu Phв•ћв–‘в•ћГ­ng ThГџв•‘Гєo','0977112233','412 Trв•ћв–‘Гџв•—ВҐng Chinh, Tв”њГіn Bв”њВјnh, HCM',420000.00,30000.00,'S03',30000.00,1,420000.00,0,2,NULL,'ORD10-U18-TN',40000.00,NULL,NULL,NULL,NULL,NULL,NULL,NULL,NULL,NULL,NULL,0.00);
/*!40000 ALTER TABLE `orders` ENABLE KEYS */;
UNLOCK TABLES;

--
-- Table structure for table `product_variants`
--

DROP TABLE IF EXISTS `product_variants`;
/*!40101 SET @saved_cs_client     = @@character_set_client */;
/*!40101 SET character_set_client = utf8 */;
CREATE TABLE `product_variants` (
  `variant_id` char(5) NOT NULL,
  `product_id` char(5) DEFAULT NULL,
  `sku` varchar(50) DEFAULT NULL,
  `color` varchar(50) DEFAULT NULL,
  `size` varchar(50) DEFAULT NULL,
  `stock` int(11) DEFAULT 0,
  `original_price` decimal(15,2) DEFAULT NULL,
  `sale_price` decimal(15,2) DEFAULT NULL,
  `image` varchar(255) DEFAULT NULL,
  `is_featured` int(11) DEFAULT 0,
  `is_active` int(11) DEFAULT 1,
  `weight` int(11) DEFAULT NULL,
  `length` int(11) DEFAULT NULL,
  `width` int(11) DEFAULT NULL,
  `height` int(11) DEFAULT NULL,
  PRIMARY KEY (`variant_id`),
  KEY `fk_variant_prod` (`product_id`)
) ENGINE=InnoDB DEFAULT CHARSET=utf8mb4 COLLATE=utf8mb4_general_ci;
/*!40101 SET character_set_client = @saved_cs_client */;

--
-- Dumping data for table `product_variants`
--

LOCK TABLES `product_variants` WRITE;
/*!40000 ALTER TABLE `product_variants` DISABLE KEYS */;
INSERT INTO `product_variants` VALUES ('V001','T01','T01-TrГџв•‘В»ng-S','TrГџв•‘В»ng','S',150,330000.00,280500.00,NULL,0,1,200,25,20,2),('V002','T01','T01-TrГџв•‘В»ng-M','TrГџв•‘В»ng','M',120,230000.00,195500.00,NULL,0,1,200,25,20,2),('V003','T01','T01-Xanh Navy-S','Xanh Navy','S',200,180000.00,153000.00,NULL,0,1,200,25,20,2),('V004','T01','T01-Xanh Navy-M','Xanh Navy','M',215,230000.00,195500.00,NULL,0,1,200,25,20,2),('V005','T02','T02-в”ЂГ‰en-S','в”ЂГ‰en','S',170,250000.00,212500.00,NULL,0,1,200,25,20,2),('V006','T02','T02-в”ЂГ‰en-M','в”ЂГ‰en','M',180,280000.00,238000.00,NULL,0,1,200,25,20,2),('V007','T02','T02-в”ЂГ‰en-L','в”ЂГ‰en','L',210,250000.00,212500.00,NULL,0,1,200,25,20,2),('V008','T02','T02-Ghi-S','Ghi','S',200,190000.00,161500.00,NULL,0,1,200,25,20,2),('V009','T02','T02-Ghi-M','Ghi','M',100,310000.00,263500.00,NULL,0,1,200,25,20,2),('V010','T02','T02-Ghi-L','Ghi','L',110,250000.00,212500.00,NULL,0,1,200,25,20,2),('V011','T03','T03-HГџв•—Гґng-S','HГџв•—Гґng','S',110,420000.00,357000.00,NULL,1,1,200,25,20,2),('V012','T03','T03-HГџв•—Гґng-M','HГџв•—Гґng','M',110,180000.00,153000.00,NULL,0,1,200,25,20,2),('V013','T04','T04-SГџв•—Г¬c TrГџв•‘В»ng-S','SГџв•—Г¬c TrГџв•‘В»ng','S',220,350000.00,297500.00,NULL,0,1,200,25,20,2),('V014','T04','T04-SГџв•—Г¬c TrГџв•‘В»ng-M','SГџв•—Г¬c TrГџв•‘В»ng','M',200,350000.00,297500.00,NULL,0,1,200,25,20,2),('V015','T04','T04-Nв”њГіu-S','Nв”њГіu','S',210,320000.00,272000.00,NULL,0,1,200,25,20,2),('V016','T04','T04-Nв”њГіu-M','Nв”њГіu','M',130,220000.00,187000.00,NULL,0,1,200,25,20,2),('V017','T05','T05-Xanh-S','Xanh','S',120,350000.00,297500.00,NULL,0,1,200,25,20,2),('V018','T05','T05-Xanh-M','Xanh','M',300,240000.00,204000.00,NULL,0,1,200,25,20,2),('V019','T05','T05-в”ЂГ‰en-S','в”ЂГ‰en','S',300,200000.00,170000.00,NULL,0,1,200,25,20,2),('V020','T05','T05-в”ЂГ‰en-M','в”ЂГ‰en','M',120,330000.00,280500.00,NULL,0,1,200,25,20,2),('V021','T06','T06-TrГџв•‘В»ng-S','TrГџв•‘В»ng','S',170,310000.00,263500.00,NULL,0,1,200,25,20,2),('V022','T06','T06-TrГџв•‘В»ng-M','TrГџв•‘В»ng','M',200,330000.00,280500.00,NULL,1,1,200,25,20,2),('V023','T06','T06-Kem-S','Kem','S',150,440000.00,374000.00,NULL,0,1,200,25,20,2),('V024','T06','T06-Kem-M','Kem','M',120,180000.00,153000.00,NULL,0,1,200,25,20,2),('V025','T07','T07-TrГџв•‘В»ng-S','TrГџв•‘В»ng','S',220,400000.00,340000.00,NULL,0,1,200,25,20,2),('V026','T07','T07-TrГџв•‘В»ng-M','TrГџв•‘В»ng','M',200,260000.00,221000.00,NULL,0,1,200,25,20,2),('V027','T07','T07-Xanh-S','Xanh','S',210,310000.00,263500.00,NULL,0,1,200,25,20,2),('V028','T07','T07-Xanh-M','Xanh','M',130,270000.00,229500.00,NULL,0,1,200,25,20,2),('V029','T08','T08-в”ЂГ‰en-S','в”ЂГ‰en','S',120,420000.00,357000.00,NULL,0,1,200,25,20,2),('V030','T08','T08-в”ЂГ‰en-M','в”ЂГ‰en','M',300,400000.00,340000.00,NULL,0,1,200,25,20,2),('V031','T08','T08-TrГџв•‘В»ng-S','TrГџв•‘В»ng','S',300,240000.00,204000.00,NULL,0,1,200,25,20,2),('V032','T08','T08-TrГџв•‘В»ng-M','TrГџв•‘В»ng','M',120,270000.00,229500.00,NULL,0,1,200,25,20,2),('V033','T09','T09-в”ЂГ‰en-S','в”ЂГ‰en','S',150,440000.00,374000.00,NULL,1,1,200,25,20,2),('V034','T09','T09-в”ЂГ‰en-M','в”ЂГ‰en','M',120,220000.00,187000.00,NULL,0,1,200,25,20,2),('V035','T09','T09-в”ЂГ‰en-L','в”ЂГ‰en','L',200,290000.00,246500.00,NULL,0,1,200,25,20,2),('V036','T10','T10-Xanh-S','Xanh','S',215,290000.00,246500.00,NULL,0,1,200,25,20,2),('V037','T10','T10-Xanh-M','Xanh','M',170,310000.00,263500.00,NULL,0,1,200,25,20,2),('V038','T10','T10-Xanh-L','Xanh','L',180,200000.00,170000.00,NULL,0,1,200,25,20,2),('V039','J01','J01-Xanh-S','Xanh','S',210,350000.00,297500.00,NULL,0,1,300,30,20,2),('V040','J01','J01-Xanh-M','Xanh','M',200,280000.00,238000.00,NULL,0,1,300,30,20,2),('V041','J01','J01-Xanh-L','Xanh','L',100,280000.00,238000.00,NULL,0,1,300,30,20,2),('V042','J02','J02-в”ЂГ‰en-S','в”ЂГ‰en','S',110,420000.00,357000.00,NULL,0,1,300,30,20,2),('V043','J02','J02-в”ЂГ‰en-M','в”ЂГ‰en','M',110,200000.00,170000.00,NULL,0,1,300,30,20,2),('V044','J02','J02-в”ЂГ‰en-L','в”ЂГ‰en','L',110,290000.00,246500.00,NULL,1,1,300,30,20,2),('V045','J03','J03-Ghi-S','Ghi','S',220,220000.00,187000.00,NULL,0,1,300,30,20,2),('V046','J03','J03-Ghi-M','Ghi','M',200,280000.00,238000.00,NULL,0,1,300,30,20,2),('V047','J03','J03-Ghi-L','Ghi','L',210,300000.00,255000.00,NULL,0,1,300,30,20,2),('V048','J04','J04-Xanh-S','Xanh','S',130,320000.00,272000.00,NULL,0,1,300,30,20,2),('V049','J04','J04-Xanh-M','Xanh','M',120,420000.00,357000.00,NULL,0,1,300,30,20,2),('V050','J04','J04-Xanh-L','Xanh','L',300,430000.00,365500.00,NULL,0,1,300,30,20,2),('V051','J05','J05-Xanh NhГџв•‘Г­t-S','Xanh NhГџв•‘Г­t','S',300,230000.00,195500.00,NULL,0,1,300,30,20,2),('V052','J05','J05-Xanh NhГџв•‘Г­t-M','Xanh NhГџв•‘Г­t','M',120,330000.00,280500.00,NULL,0,1,300,30,20,2),('V053','J05','J05-Xanh NhГџв•‘Г­t-L','Xanh NhГџв•‘Г­t','L',170,230000.00,195500.00,NULL,0,1,300,30,20,2),('V069','H01','H01-в”ЂГ‰en-S','в”ЂГ‰en','S',200,450000.00,382500.00,NULL,0,1,300,30,20,2),('V070','H01','H01-в”ЂГ‰en-M','в”ЂГ‰en','M',215,220000.00,187000.00,NULL,0,1,300,30,20,2),('V071','H01','H01-в”ЂГ‰en-L','в”ЂГ‰en','L',170,270000.00,229500.00,NULL,0,1,300,30,20,2),('V072','H02','H02-Ghi-S','Ghi','S',180,430000.00,365500.00,NULL,0,1,300,30,20,2),('V073','H02','H02-Ghi-M','Ghi','M',210,440000.00,374000.00,NULL,0,1,300,30,20,2),('V074','H02','H02-Ghi-L','Ghi','L',200,280000.00,238000.00,NULL,0,1,300,30,20,2),('V075','H03','H03-Xanh-S','Xanh','S',100,430000.00,365500.00,NULL,0,1,300,30,20,2),('V076','H03','H03-Xanh-M','Xanh','M',110,410000.00,348500.00,NULL,0,1,300,30,20,2),('V077','H03','H03-Xanh-L','Xanh','L',110,200000.00,170000.00,NULL,1,1,300,30,20,2),('V078','H04','H04-Nв”њГіu-S','Nв”њГіu','S',110,400000.00,340000.00,NULL,0,1,300,30,20,2),('V079','H04','H04-Nв”њГіu-M','Nв”њГіu','M',220,300000.00,255000.00,NULL,0,1,300,30,20,2),('V080','H04','H04-Nв”њГіu-L','Nв”њГіu','L',200,200000.00,170000.00,NULL,0,1,300,30,20,2),('V081','H05','H05-в”ЂГ‰Гџв•—Г…-S','в”ЂГ‰Гџв•—Г…','S',210,180000.00,153000.00,NULL,0,1,300,30,20,2),('V082','H05','H05-в”ЂГ‰Гџв•—Г…-M','в”ЂГ‰Гџв•—Г…','M',130,430000.00,365500.00,NULL,0,1,300,30,20,2),('V083','H05','H05-в”ЂГ‰Гџв•—Г…-L','в”ЂГ‰Гџв•—Г…','L',120,200000.00,170000.00,NULL,0,1,300,30,20,2),('V084','H06','H06-TrГџв•‘В»ng-S','TrГџв•‘В»ng','S',300,400000.00,340000.00,NULL,0,1,300,30,20,2),('V085','H06','H06-TrГџв•‘В»ng-M','TrГџв•‘В»ng','M',300,300000.00,255000.00,NULL,0,1,300,30,20,2),('V086','H06','H06-TrГџв•‘В»ng-L','TrГџв•‘В»ng','L',120,180000.00,153000.00,NULL,0,1,300,30,20,2),('V087','H07','H07-Vв”њГЎng-S','Vв”њГЎng','S',170,430000.00,365500.00,NULL,0,1,300,30,20,2),('V088','H07','H07-Vв”њГЎng-M','Vв”њГЎng','M',200,410000.00,348500.00,NULL,1,1,300,30,20,2),('V089','H07','H07-Vв”њГЎng-L','Vв”њГЎng','L',150,200000.00,170000.00,NULL,0,1,300,30,20,2),('V099','S01','S01-TrГџв•‘В»ng-S','TrГџв•‘В»ng','S',150,430000.00,365500.00,NULL,1,1,300,30,20,2),('V100','S01','S01-TrГџв•‘В»ng-M','TrГџв•‘В»ng','M',120,410000.00,348500.00,NULL,0,1,300,30,20,2),('V101','S01','S01-TrГџв•‘В»ng-L','TrГџв•‘В»ng','L',200,200000.00,170000.00,NULL,0,1,300,30,20,2),('V102','S02','S02-Xanh-S','Xanh','S',215,400000.00,340000.00,NULL,0,1,300,30,20,2),('V103','S02','S02-Xanh-M','Xanh','M',170,300000.00,255000.00,NULL,0,1,300,30,20,2),('V104','S02','S02-Xanh-L','Xanh','L',180,180000.00,153000.00,NULL,0,1,300,30,20,2),('V105','S03','S03-Vв”њГЎng-S','Vв”њГЎng','S',210,430000.00,365500.00,NULL,0,1,300,30,20,2),('V106','S03','S03-Vв”њГЎng-M','Vв”њГЎng','M',200,410000.00,348500.00,NULL,0,1,300,30,20,2),('V107','S03','S03-Vв”њГЎng-L','Vв”њГЎng','L',100,200000.00,170000.00,NULL,0,1,300,30,20,2),('V108','S04','S04-в”ЂГ‰en-S','в”ЂГ‰en','S',110,400000.00,340000.00,NULL,0,1,300,30,20,2),('V109','S04','S04-в”ЂГ‰en-M','в”ЂГ‰en','M',110,300000.00,255000.00,NULL,0,1,300,30,20,2),('V110','S04','S04-в”ЂГ‰en-L','в”ЂГ‰en','L',110,180000.00,153000.00,NULL,1,1,300,30,20,2),('V111','S05','S05-в”ЂГ‰Гџв•—Г…-S','в”ЂГ‰Гџв•—Г…','S',220,430000.00,365500.00,NULL,0,1,300,30,20,2),('V112','S05','S05-в”ЂГ‰Гџв•—Г…-M','в”ЂГ‰Гџв•—Г…','M',200,410000.00,348500.00,NULL,0,1,300,30,20,2),('V113','S05','S05-в”ЂГ‰Гџв•—Г…-L','в”ЂГ‰Гџв•—Г…','L',210,200000.00,170000.00,NULL,0,1,300,30,20,2),('V114','S06','S06-HГџв•—Гґng-S','HГџв•—Гґng','S',130,400000.00,340000.00,NULL,0,1,300,30,20,2),('V115','S06','S06-HГџв•—Гґng-M','HГџв•—Гґng','M',120,300000.00,255000.00,NULL,0,1,300,30,20,2),('V116','S06','S06-HГџв•—Гґng-L','HГџв•—Гґng','L',300,180000.00,153000.00,NULL,0,1,300,30,20,2),('V117','S07','S07-Tв”њВЎm-S','Tв”њВЎm','S',300,430000.00,365500.00,NULL,0,1,300,30,20,2),('V118','S07','S07-Tв”њВЎm-M','Tв”њВЎm','M',120,410000.00,348500.00,NULL,0,1,300,30,20,2),('V119','S07','S07-Tв”њВЎm-L','Tв”њВЎm','L',170,200000.00,170000.00,NULL,0,1,300,30,20,2),('V129','SK01','SK01-в”ЂГ‰en-Freesize','в”ЂГ‰en','Freesize',300,430000.00,365500.00,NULL,0,1,300,30,20,2),('V130','SK01','SK01-Kem-Freesize','Kem','Freesize',120,410000.00,348500.00,NULL,0,1,300,30,20,2),('V131','SK01','SK01-Nв”њГіu-Freesize','Nв”њГіu','Freesize',170,200000.00,170000.00,NULL,1,1,300,30,20,2),('V132','SK02','SK02-в”ЂГ‰en-Freesize','в”ЂГ‰en','Freesize',200,400000.00,340000.00,NULL,0,1,300,30,20,2),('V133','SK02','SK02-Xв”њГ­m-Freesize','Xв”њГ­m','Freesize',150,300000.00,255000.00,NULL,0,1,300,30,20,2),('V134','SK03','SK03-в”ЂГ‰en-Freesize','в”ЂГ‰en','Freesize',120,180000.00,153000.00,NULL,0,1,300,30,20,2),('V135','SK03','SK03-TrГџв•‘В»ng-Freesize','TrГџв•‘В»ng','Freesize',220,430000.00,365500.00,NULL,0,1,300,30,20,2),('V136','SK03','SK03-Xв”њГ­m-Freesize','Xв”њГ­m','Freesize',200,410000.00,348500.00,NULL,0,1,300,30,20,2),('V137','SK04','SK04-Nв”њГіu-Freesize','Nв”њГіu','Freesize',210,200000.00,170000.00,NULL,0,1,300,30,20,2),('V138','SK04','SK04-в”ЂГ‰en-Freesize','в”ЂГ‰en','Freesize',130,400000.00,340000.00,NULL,0,1,300,30,20,2),('V139','SK04','SK04-Ghi-Freesize','Ghi','Freesize',120,300000.00,255000.00,NULL,0,1,300,30,20,2),('V140','SK05','SK05-в”ЂГ‰en-Freesize','в”ЂГ‰en','Freesize',300,180000.00,153000.00,NULL,0,1,300,30,20,2),('V141','SK05','SK05-Xanh Navy-Freesize','Xanh Navy','Freesize',300,430000.00,365500.00,NULL,0,1,300,30,20,2),('V142','SK05','SK05-TrГџв•‘В»ng-Freesize','TrГџв•‘В»ng','Freesize',120,410000.00,348500.00,NULL,1,1,300,30,20,2),('V143','SK06','SK06-в”ЂГ‰en-Freesize','в”ЂГ‰en','Freesize',170,200000.00,170000.00,NULL,0,1,300,30,20,2),('V144','SK06','SK06-TrГџв•‘В»ng-Freesize','TrГџв•‘В»ng','Freesize',200,400000.00,340000.00,NULL,0,1,300,30,20,2),('V145','SK07','SK07-HГџв•—Гґng-Freesize','HГџв•—Гґng','Freesize',150,300000.00,255000.00,NULL,0,1,300,30,20,2),('V146','SK07','SK07-TrГџв•‘В»ng-Freesize','TrГџв•‘В»ng','Freesize',120,180000.00,153000.00,NULL,0,1,300,30,20,2),('V147','SK08','SK08-Xanh-Freesize','Xanh','Freesize',220,430000.00,365500.00,NULL,0,1,300,30,20,2),('V148','SK08','SK08-TrГџв•‘В»ng Lung Linh-Freesize','TrГџв•‘В»ng Lung Linh','Freesize',200,410000.00,348500.00,NULL,0,1,300,30,20,2),('V149','SK09','SK09-в”ЂГ‰en-Freesize','в”ЂГ‰en','Freesize',210,200000.00,170000.00,NULL,0,1,300,30,20,2),('V150','SK09','SK09-Nв”њГіu-Freesize','Nв”њГіu','Freesize',130,400000.00,340000.00,NULL,0,1,300,30,20,2),('V151','SK10','SK10-в”ЂГ‰en-1','в”ЂГ‰en','1',120,300000.00,255000.00,NULL,0,1,300,30,20,2),('V152','SK10','SK10-в”ЂГ‰en-2','в”ЂГ‰en','2',300,180000.00,153000.00,NULL,0,1,300,30,20,2),('V153','SK10','SK10-Nв”њГіu-1','Nв”њГіu','1',300,430000.00,365500.00,NULL,1,1,300,30,20,2),('V154','SK10','SK10-Nв”њГіu-2','Nв”њГіu','2',120,410000.00,348500.00,NULL,0,1,300,30,20,2),('V155','SK06','SK06-TrГџв•‘В»ng-Freesize','TrГџв•‘В»ng','Freesize',150,400000.00,340000.00,NULL,0,1,300,30,20,2),('V156','SK07','SK07-TrГџв•‘В»ng-Freesize','TrГџв•‘В»ng','Freesize',120,290000.00,246500.00,NULL,0,1,300,30,20,2),('V157','SK08','SK08-TrГџв•‘В»ng Lung Linh-Freesize','TrГџв•‘В»ng Lung Linh','Freesize',250,450000.00,382500.00,NULL,1,1,300,30,20,2),('V158','SK09','SK09-в”ЂГ‰en-Freesize','в”ЂГ‰en','Freesize',220,220000.00,187000.00,NULL,0,1,300,30,20,2),('V159','SK10','SK10-Nв”њГіu-1','Nв”њГіu','1',200,210000.00,178500.00,NULL,0,1,300,30,20,2),('V160','SK10','SK10-Nв”њГіu-2','Nв”њГіu','2',300,320000.00,272000.00,NULL,0,1,300,30,20,2),('V161','SK10','SK10-в”ЂГ‰en-1','в”ЂГ‰en','1',300,420000.00,357000.00,NULL,0,1,300,30,20,2),('V162','SK10','SK10-в”ЂГ‰en-2','в”ЂГ‰en','2',120,330000.00,280500.00,NULL,1,1,300,30,20,2),('V163','C01','C01-в”ЂГ‰Гџв•—Г…-Freesize','в”ЂГ‰Гџв•—Г…','Freesize',170,430000.00,365500.00,NULL,0,1,300,30,18,5),('V164','C01','C01-SГџв•—Г¬c Bв”њвЊђ-Freesize','SГџв•—Г¬c Bв”њвЊђ','Freesize',200,410000.00,348500.00,NULL,1,1,300,30,18,5),('V165','C02','C02-в”ЂГ‰Гџв•—Г…-Freesize','в”ЂГ‰Гџв•—Г…','Freesize',150,200000.00,170000.00,NULL,0,1,300,30,18,5),('V166','C02','C02-TrГџв•‘В»ng-Freesize','TrГџв•‘В»ng','Freesize',120,400000.00,340000.00,NULL,0,1,300,30,18,5),('V167','C03','C03-SГџв•—Г¬c в”ЂГ‰Гџв•—Г…-Freesize','SГџв•—Г¬c в”ЂГ‰Гџв•—Г…','Freesize',220,300000.00,255000.00,NULL,0,1,300,30,18,5),('V168','C04','C04-SГџв•—Г¬c в”ЂГ‰en-Freesize','SГџв•—Г¬c в”ЂГ‰en','Freesize',150,200000.00,170000.00,NULL,0,1,300,30,18,5),('V169','C05','C05-TrГџв•‘В»ng-1','TrГџв•‘В»ng','1',120,180000.00,153000.00,NULL,0,1,300,30,18,5),('V170','P01','SKU-P01','MГџв•‘в•–c в”ЂГ¦Гџв•—ГЇnh','Freesize',100,331000.00,331000.00,NULL,0,1,NULL,NULL,NULL,NULL),('V171','P02','SKU-P02','MГџв•‘в•–c в”ЂГ¦Гџв•—ГЇnh','Freesize',100,165000.00,165000.00,NULL,0,1,NULL,NULL,NULL,NULL),('V172','P03','SKU-P03','MГџв•‘в•–c в”ЂГ¦Гџв•—ГЇnh','Freesize',100,343000.00,343000.00,NULL,0,1,NULL,NULL,NULL,NULL),('V173','P04','SKU-P04','MГџв•‘в•–c в”ЂГ¦Гџв•—ГЇnh','Freesize',100,181000.00,181000.00,NULL,0,1,NULL,NULL,NULL,NULL),('V174','P05','SKU-P05','MГџв•‘в•–c в”ЂГ¦Гџв•—ГЇnh','Freesize',100,230000.00,230000.00,NULL,0,1,NULL,NULL,NULL,NULL),('V175','P06','SKU-P06','MГџв•‘в•–c в”ЂГ¦Гџв•—ГЇnh','Freesize',100,178000.00,178000.00,NULL,0,1,NULL,NULL,NULL,NULL),('V176','P07','SKU-P07','MГџв•‘в•–c в”ЂГ¦Гџв•—ГЇnh','Freesize',100,268000.00,268000.00,NULL,0,1,NULL,NULL,NULL,NULL),('V177','P08','SKU-P08','MГџв•‘в•–c в”ЂГ¦Гџв•—ГЇnh','Freesize',100,353000.00,353000.00,NULL,0,1,NULL,NULL,NULL,NULL),('V178','P09','SKU-P09','MГџв•‘в•–c в”ЂГ¦Гџв•—ГЇnh','Freesize',100,329000.00,329000.00,NULL,0,1,NULL,NULL,NULL,NULL),('V179','P10','SKU-P10','MГџв•‘в•–c в”ЂГ¦Гџв•—ГЇnh','Freesize',100,265000.00,265000.00,NULL,0,1,NULL,NULL,NULL,NULL),('V180','SH01','SKU-SH01','MГџв•‘в•–c в”ЂГ¦Гџв•—ГЇnh','Freesize',100,374000.00,374000.00,NULL,0,1,NULL,NULL,NULL,NULL),('V181','SH02','SKU-SH02','MГџв•‘в•–c в”ЂГ¦Гџв•—ГЇnh','Freesize',100,203000.00,203000.00,NULL,0,1,NULL,NULL,NULL,NULL),('V182','SH03','SKU-SH03','MГџв•‘в•–c в”ЂГ¦Гџв•—ГЇnh','Freesize',100,211000.00,211000.00,NULL,0,1,NULL,NULL,NULL,NULL),('V183','PL01','SKU-PL01','MГџв•‘в•–c в”ЂГ¦Гџв•—ГЇnh','Freesize',100,183000.00,183000.00,NULL,0,1,NULL,NULL,NULL,NULL),('V184','PL02','SKU-PL02','MГџв•‘в•–c в”ЂГ¦Гџв•—ГЇnh','Freesize',100,353000.00,353000.00,NULL,0,1,NULL,NULL,NULL,NULL),('V185','PL03','SKU-PL03','MГџв•‘в•–c в”ЂГ¦Гџв•—ГЇnh','Freesize',100,309000.00,309000.00,NULL,0,1,NULL,NULL,NULL,NULL),('V186','PL04','SKU-PL04','MГџв•‘в•–c в”ЂГ¦Гџв•—ГЇnh','Freesize',100,355000.00,355000.00,NULL,0,1,NULL,NULL,NULL,NULL),('V187','PL05','SKU-PL05','MГџв•‘в•–c в”ЂГ¦Гџв•—ГЇnh','Freesize',100,194000.00,194000.00,NULL,0,1,NULL,NULL,NULL,NULL),('V188','PL06','SKU-PL06','MГџв•‘в•–c в”ЂГ¦Гџв•—ГЇnh','Freesize',100,281000.00,281000.00,NULL,0,1,NULL,NULL,NULL,NULL),('V189','JE01','SKU-JE01','MГџв•‘в•–c в”ЂГ¦Гџв•—ГЇnh','Freesize',100,177000.00,177000.00,NULL,0,1,NULL,NULL,NULL,NULL),('V190','JE02','SKU-JE02','MГџв•‘в•–c в”ЂГ¦Гџв•—ГЇnh','Freesize',100,376000.00,376000.00,NULL,0,1,NULL,NULL,NULL,NULL),('V191','JE03','SKU-JE03','MГџв•‘в•–c в”ЂГ¦Гџв•—ГЇnh','Freesize',100,260000.00,260000.00,NULL,0,1,NULL,NULL,NULL,NULL),('V192','JE04','SKU-JE04','MГџв•‘в•–c в”ЂГ¦Гџв•—ГЇnh','Freesize',100,322000.00,322000.00,NULL,0,1,NULL,NULL,NULL,NULL),('V193','JE05','SKU-JE05','MГџв•‘в•–c в”ЂГ¦Гџв•—ГЇnh','Freesize',100,271000.00,271000.00,NULL,0,1,NULL,NULL,NULL,NULL);
/*!40000 ALTER TABLE `product_variants` ENABLE KEYS */;
UNLOCK TABLES;

--
-- Table structure for table `products`
--

DROP TABLE IF EXISTS `products`;
/*!40101 SET @saved_cs_client     = @@character_set_client */;
/*!40101 SET character_set_client = utf8 */;
CREATE TABLE `products` (
  `product_id` char(5) NOT NULL,
  `category_id` char(5) DEFAULT NULL,
  `name` varchar(200) NOT NULL,
  `description` varchar(500) DEFAULT NULL,
  `image` varchar(255) DEFAULT NULL,
  `rating` decimal(2,1) DEFAULT NULL,
  `sold_count` int(11) DEFAULT 0,
  `status` int(11) DEFAULT 1,
  `avg_rating` decimal(2,1) DEFAULT NULL,
  `total_reviews` int(11) DEFAULT 0,
  `seo_title` varchar(150) DEFAULT NULL,
  `seo_description` varchar(300) DEFAULT NULL,
  PRIMARY KEY (`product_id`),
  KEY `fk_prod_cat` (`category_id`)
) ENGINE=InnoDB DEFAULT CHARSET=utf8mb4 COLLATE=utf8mb4_general_ci;
/*!40101 SET character_set_client = @saved_cs_client */;

--
-- Dumping data for table `products`
--

LOCK TABLES `products` WRITE;
/*!40000 ALTER TABLE `products` DISABLE KEYS */;
INSERT INTO `products` VALUES ('C01','CAT10','в”њГјo Khoв”њГ­c Cardigan Len','в”њГјo Khoв”њГ­c Cardigan Len Hв”њГЎn QuГџв•—Г¦c Dв”њГЎy DГџв•‘в•–n NhiГџв•—Гјu Mв”њГЎu Thв”њВ¬u Logo','https://down-vn.img.susercontent.com/file/vn-11134207-7ras8-m4hdzd36m4q8c9@resize_w900_nl.webp',4.8,58,1,4.8,100,'Mua в”њГјo Len giв”њГ­ tГџв•—Г¦t tГџв•‘Г­i NTK Fashion','SГџв•‘Гєn phГџв•‘вЊђm в”њГјo Len chГџв•‘Г‘t lв•ћв–‘Гџв•—Гєng cao, thiГџв•‘в”ђt kГџв•‘в”ђ chuГџв•‘вЊђn, giao hв”њГЎng nhanh.'),('C02','CAT10','в”њГјo Len CГџв•—ГІ Trв”њв–“n Lв”њв”¤ng ThГџв•—Г…','в”њГјo Len CГџв•—ГІ Trв”њв–“n Lв”њв”¤ng ThГџв•—Г… MГџв•—Гјm MГџв•—ГЇn в”њГјo Sweater SГџв•—Гєi DГџв•—Г§t Dв”њГЎy DГџв•‘в•–n Гџв•‘Г±m в”њГјp Mв”њв•Јa в”ЂГ‰в”њв”¤ng','https://down-vn.img.susercontent.com/file/vn-11134207-820l4-mji6wkvavqx1fa@resize_w900_nl.webp',4.4,167,1,4.8,100,'Mua в”њГјo Len giв”њГ­ tГџв•—Г¦t tГџв•‘Г­i NTK Fashion','SГџв•‘Гєn phГџв•‘вЊђm в”њГјo Len chГџв•‘Г‘t lв•ћв–‘Гџв•—Гєng cao, thiГџв•‘в”ђt kГџв•‘в”ђ chuГџв•‘вЊђn, giao hв”њГЎng nhanh.'),('C03','CAT10','в”њГјo Len KГџв•‘в•— SГџв•—Г¬c Thu в”ЂГ‰в”њв”¤ng','в”њГјo Len Dв”њГЎi Tay Thu в”ЂГ‰в”њв”¤ng KГџв•‘в•— SГџв•—Г¬c Croptop Phong Cв”њГ­ch Hв”њГЎn QuГџв•—Г¦c Basic Nв”ЂГўng в”ЂГ‰Гџв•—Г–ng','https://down-vn.img.susercontent.com/file/vn-11134207-820l4-mhmvya34ka2p92@resize_w900_nl.webp',4.7,378,1,4.8,100,'Mua в”њГјo Len giв”њГ­ tГџв•—Г¦t tГџв•‘Г­i NTK Fashion','SГџв•‘Гєn phГџв•‘вЊђm в”њГјo Len chГџв•‘Г‘t lв•ћв–‘Гџв•—Гєng cao, thiГџв•‘в”ђt kГџв•‘в”ђ chuГџв•‘вЊђn, giao hв”њГЎng nhanh.'),('C04','CAT10','в”њГјo Lв”њв”¤ng ThГџв•—Г… Dв”њГЎi Tay','в”њГјo Lв”њв”¤ng ThГџв•—Г… Dв”њГЎi Tay MГџв•—Гјm MГџв•—ГЇn в”њГјo Len KГџв•‘в•— SГџв•—Г¬c Sleeves Form RГџв•—Г–ng Basic Nam NГџв•—В»','https://down-vn.img.susercontent.com/file/vn-11134207-820l4-mji9pf2xw1dzb9@resize_w900_nl.webp',4.4,365,1,4.8,100,'Mua в”њГјo Len giв”њГ­ tГџв•—Г¦t tГџв•‘Г­i NTK Fashion','SГџв•‘Гєn phГџв•‘вЊђm в”њГјo Len chГџв•‘Г‘t lв•ћв–‘Гџв•—Гєng cao, thiГџв•‘в”ђt kГџв•‘в”ђ chuГџв•‘вЊђn, giao hв”њГЎng nhanh.'),('C05','CAT10','в”њГјo Len MГџв•—Г…ng CГџв•—Г–c Tay','в”њГјo Len MГџв•—Г…ng Mв”њв•Јa Thu CГџв•—Г–c Tay PhГџв•—Г¦i Mв”њГЎu в”њГјo Len Cв”њв”‚ CГџв•—ГІ Thoв”њГ­ng Khв”њВЎ DГџв•—Г  PhГџв•—Г¦i в”ЂГ‰Гџв•—Гґ','https://down-vn.img.susercontent.com/file/vn-11134207-7ras8-mdbj2ec8tetb7a@resize_w900_nl.webp',4.1,242,1,4.8,100,'Mua в”њГјo Len giв”њГ­ tГџв•—Г¦t tГџв•‘Г­i NTK Fashion','SГџв•‘Гєn phГџв•‘вЊђm в”њГјo Len chГџв•‘Г‘t lв•ћв–‘Гџв•—Гєng cao, thiГџв•‘в”ђt kГџв•‘в”ђ chuГџв•‘вЊђn, giao hв”њГЎng nhanh.'),('H01','CAT03','в”њГјo Hoodie Zip basic','в”њГјo Hoodie Zip Basic VГџв•‘Гєi NГџв•—Г« 2 Da ChГџв•—Г¦ng NГџв•‘В»ng TГџв•—Г¦t Form RГџв•—Г–ng Nam NГџв•—В» Unisex','https://down-vn.img.susercontent.com/file/vn-11134207-7ras8-m1djz3jqsva0d1.webp',4.6,305,1,4.6,92,'Mua в”њГјo Hoodie Zip basic giв”њГ­ tГџв•—Г¦t tГџв•‘Г­i NTK Fashion','SГџв•‘Гєn phГџв•‘вЊђm в”њГјo Hoodie Zip basic chГџв•‘Г‘t lв•ћв–‘Гџв•—Гєng cao, thiГџв•‘в”ђt kГџв•‘в”ђ chuГџв•‘вЊђn, giao hв”њГЎng nhanh.'),('H02','CAT03','в”њГјo Hoodie Zip phГџв•—Г¦i Caro','в”њГјo Hoodie Zip PhГџв•—Г¦i Caro NГџв•—Г« 2 Da Thв”њВ¬u 77 Foreveryoung Form RГџв•—Г–ng Nam NГџв•—В»','https://down-vn.img.susercontent.com/file/vn-11134207-820l4-mg6a54w1k8az55.webp',4.8,422,1,4.8,127,'Mua в”њГјo Hoodie Zip phГџв•—Г¦i Caro giв”њГ­ tГџв•—Г¦t tГџв•‘Г­i NTK Fashion','SГџв•‘Гєn phГџв•‘вЊђm в”њГјo Hoodie Zip phГџв•—Г¦i Caro chГџв•‘Г‘t lв•ћв–‘Гџв•—Гєng cao, thiГџв•‘в”ђt kГџв•‘в”ђ chuГџв•‘вЊђn, giao hв”њГЎng nhanh.'),('H03','CAT03','в”њГјo hoodie cГџв•—ВҐ MГџв•—в•Ј','в”њГјo Hoodie in lГџв•—Г‘a cГџв•—ВҐ MГџв•—в•Ј Form RГџв•—Г–ng Phong Cв”њГ­ch в”њГ©u MГџв•—в•Ј Unisex Nam NГџв•—В»','https://down-vn.img.susercontent.com/file/vn-11134207-820l4-mg253sm8k6x758.webp',4.5,59,1,4.5,18,'Mua в”њГјo hoodie cГџв•—ВҐ MГџв•—в•Ј giв”њГ­ tГџв•—Г¦t tГџв•‘Г­i NTK Fashion','SГџв•‘Гєn phГџв•‘вЊђm в”њГјo hoodie cГџв•—ВҐ MГџв•—в•Ј chГџв•‘Г‘t lв•ћв–‘Гџв•—Гєng cao, thiГџв•‘в”ђt kГџв•‘в”ђ chuГџв•‘вЊђn, giao hв”њГЎng nhanh.'),('H04','CAT03','в”њГјo Hoodie Zip NГџв•—Г« Bв”њв”¤ng Form Boxy','в”њГјo Hoodie Zip NГџв•—Г« Bв”њв”¤ng Basic Form Boxy Urban Khoв”њГ­ Kв”њвЊђo BYC Streetwear Unisex Nam NГџв•—В»','https://down-vn.img.susercontent.com/file/vn-11134207-820l4-mk0do4ap7xtz53.webp',4.4,334,1,4.4,100,'Mua в”њГјo Hoodie Zip NГџв•—Г« Bв”њв”¤ng Form Boxy giв”њГ­ tГџв•—Г¦t tГџв•‘Г­i NTK Fashion','SГџв•‘Гєn phГџв•‘вЊђm в”њГјo Hoodie Zip NГџв•—Г« Bв”њв”¤ng Form Boxy chГџв•‘Г‘t lв•ћв–‘Гџв•—Гєng cao, thiГџв•‘в”ђt kГџв•‘в”ђ chuГџв•‘вЊђn, giao hв”њГЎng nhanh.'),('H05','CAT03','в”њГјo Hoodie Zip NГџв•—Г« Bв”њв”¤ng Khoв”њГ­ Kв”њвЊђo 2 в”ЂГ‰Гџв•‘Вєu','в”њГјo Hoodie Zip NГџв•—Г« Bв”њв”¤ng Khoв”њГ­ Kв”њвЊђo 2 в”ЂГ‰Гџв•‘Вєu WITHLOVE Form Boxy Basic Phong Cв”њГ­ch Hв”њГЎn QuГџв•—Г¦c','https://down-vn.img.susercontent.com/file/vn-11134207-820l4-mdzue2ay0tmrba.webp',4.8,490,1,4.8,147,'Mua в”њГјo Hoodie Zip NГџв•—Г« Bв”њв”¤ng Khoв”њГ­ Kв”њвЊђo 2 в”ЂГ‰Гџв•‘Вєu giв”њГ­ tГџв•—Г¦t tГџв•‘Г­i NTK Fashion','SГџв•‘Гєn phГџв•‘вЊђm в”њГјo Hoodie Zip NГџв•—Г« Bв”њв”¤ng Khoв”њГ­ Kв”њвЊђo 2 в”ЂГ‰Гџв•‘Вєu chГџв•‘Г‘t lв•ћв–‘Гџв•—Гєng cao, thiГџв•‘в”ђt kГџв•‘в”ђ chuГџв•‘вЊђn, giao hв”њГЎng nhanh.'),('H06','CAT03','в”њГјo Hoodie Zip ORIGINALS','в”њГјo Hoodie Zip ORIGINALS NГџв•—Г« 2 Da Khв”њв”¤ng Xв”њв•Ј ChГџв•—В» Thв”њВ¬u','https://down-vn.img.susercontent.com/file/vn-11134207-820l4-mdwm103kinlud9.webp',4.1,387,1,4.1,116,'Mua в”њГјo Hoodie Zip ORIGINALS giв”њГ­ tГџв•—Г¦t tГџв•‘Г­i NTK Fashion','SГџв•‘Гєn phГџв•‘вЊђm в”њГјo Hoodie Zip ORIGINALS chГџв•‘Г‘t lв•ћв–‘Гџв•—Гєng cao, thiГџв•‘в”ђt kГџв•‘в”ђ chuГџв•‘вЊђn, giao hв”њГЎng nhanh.'),('H07','CAT03','в”њГјo Khoв”њГ­c Hoodie Zip NГџв•—Г« Chв”њГіn Cua','в”њГјo Khoв”њГ­c Hoodie Zip NГџв•—Г« Chв”њГіn Cua Dв”њГЎy DГџв•‘в•–n в”њГјo Hoodie Form Boxy Unisex Phong Cв”њГ­ch Hв”њГЎn QuГџв•—Г¦c','https://down-vn.img.susercontent.com/file/vn-11134207-820l4-mjibi5ytlb0l94.webp',4.2,237,1,4.2,71,'Mua в”њГјo Khoв”њГ­c Hoodie Zip NГџв•—Г« Chв”њГіn Cua giв”њГ­ tГџв•—Г¦t tГџв•‘Г­i NTK Fashion','SГџв•‘Гєn phГџв•‘вЊђm в”њГјo Khoв”њГ­c Hoodie Zip NГџв•—Г« Chв”њГіn Cua chГџв•‘Г‘t lв•ћв–‘Гџв•—Гєng cao, thiГџв•‘в”ђt kГџв•‘в”ђ chuГџв•‘вЊђn, giao hв”њГЎng nhanh.'),('J01','CAT02','в”њГјo khoв”њГ­c da','в”њГјo Khoв”њГ­c Da Tay Dв”њГЎi Kв”њВїm Tв”њв•‘i Trong Da Cao CГџв•‘Г‘p Phong Cв”њГ­ch Retro CГџв•—ГІ в”ЂГ‰iГџв•—Гўn','https://down-vn.img.susercontent.com/file/vn-11134207-820l4-mh71v1j7gb9nc8.webp',4.8,311,1,4.8,93,'Mua в”њГјo khoв”њГ­c da giв”њГ­ tГџв•—Г¦t tГџв•‘Г­i NTK Fashion','SГџв•‘Гєn phГџв•‘вЊђm в”њГјo khoв”њГ­c da chГџв•‘Г‘t lв•ћв–‘Гџв•—Гєng cao, thiГџв•‘в”ђt kГџв•‘в”ђ chuГџв•‘вЊђn, giao hв”њГЎng nhanh.'),('J02','CAT02','в”њГјo khoв”њГ­c dв”њв•Ј','в”њГјo Khoв”њГ­c Dв”њв•Ј ChГџв•‘В»n Giв”њв”‚ NhiГџв•—Гјu Mв”њГЎu Mв”јвЊђ Dв”њГіy Rв”њв•‘t ChГџв•—Г¦ng NГџв•‘В»ng Hв”њГЎn QuГџв•—Г¦c','https://down-vn.img.susercontent.com/file/vn-11134207-820l4-mf3y04daxxxm7b.webp',4.5,229,1,4.5,69,'Mua в”њГјo khoв”њГ­c dв”њв•Ј giв”њГ­ tГџв•—Г¦t tГџв•‘Г­i NTK Fashion','SГџв•‘Гєn phГџв•‘вЊђm в”њГјo khoв”њГ­c dв”њв•Ј chГџв•‘Г‘t lв•ћв–‘Гџв•—Гєng cao, thiГџв•‘в”ђt kГџв•‘в”ђ chuГџв•‘вЊђn, giao hв”њГЎng nhanh.'),('J03','CAT02','в”њГјo khoв”њГ­c Canvas','в”њГјo Khoв”њГ­c Canvas Dв”њГ­ng NgГџв•‘В»n в”њГјo Khoв”њГ­c PhГџв•—Г¦i CГџв•—ГІ Nhung Tв”ЂГўm Basic Unisex Nam NГџв•—В»','https://down-vn.img.susercontent.com/file/vn-11134207-820l4-mg7d8s7jrvnvb7.webp',4.1,214,1,4.1,64,'Mua в”њГјo khoв”њГ­c Canvas giв”њГ­ tГџв•—Г¦t tГџв•‘Г­i NTK Fashion','SГџв•‘Гєn phГџв•‘вЊђm в”њГјo khoв”њГ­c Canvas chГџв•‘Г‘t lв•ћв–‘Гџв•—Гєng cao, thiГџв•‘в”ђt kГџв•‘в”ђ chuГџв•‘вЊђn, giao hв”њГЎng nhanh.'),('J04','CAT02','в”њГјo khoв”њГ­c Phao','в”њГјo Khoв”њГ­c Phao PhГџв•—Гґng Siв”њВ¬u NhГџв•‘в•Ј Siв”њВ¬u Гџв•‘Г±m в”њГјo Phao Bв”њвЊђo Dв”њГ­ng LГџв•—ВЎng Mв”њв•Јa в”ЂГ‰в”њв”¤ng','https://down-vn.img.susercontent.com/file/vn-11134207-7ras8-m5ca38ruq4ae89.webp',4.7,474,1,4.7,142,'Mua в”њГјo khoв”њГ­c Phao giв”њГ­ tГџв•—Г¦t tГџв•‘Г­i NTK Fashion','SГџв•‘Гєn phГџв•‘вЊђm в”њГјo khoв”њГ­c Phao chГџв•‘Г‘t lв•ћв–‘Гџв•—Гєng cao, thiГџв•‘в”ђt kГџв•‘в”ђ chuГџв•‘вЊђn, giao hв”њГЎng nhanh.'),('J05','CAT02','в”њГјo khoв”њГ­c Bomber','в”њГјo Khoв”њГ­c Bomber Pilot Oversized ChГџв•‘Вєn Bв”њв”¤ng Thв”њВ¬u ChГџв•—В» ThГџв•—ВҐi Trang Nam NГџв•—В»','https://down-vn.img.susercontent.com/file/vn-11134207-7ras8-m33curbuutamf5.webp',4.3,244,1,4.3,73,'Mua в”њГјo khoв”њГ­c Bomber giв”њГ­ tГџв•—Г¦t tГџв•‘Г­i NTK Fashion','SГџв•‘Гєn phГџв•‘вЊђm в”њГјo khoв”њГ­c Bomber chГџв•‘Г‘t lв•ћв–‘Гџв•—Гєng cao, thiГџв•‘в”ђt kГџв•‘в”ђ chuГџв•‘вЊђn, giao hв”њГЎng nhanh.'),('JE01','CAT08','QuГџв•‘Вєn Jean Dв”њГ­ng Bв”њВЎ','QuГџв•‘Вєn Jean Dв”њГ­ng Bв”њВЎ Cat Washing Denim Retro Unisex Nam NГџв•—В»','https://down-vn.img.susercontent.com/file/vn-11134207-820l4-mfcb1buk8sumb0@resize_w900_nl.webp',4.8,353,1,4.8,100,'Mua  QuГџв•‘Вєn Jeans  giв”њГ­ tГџв•—Г¦t tГџв•‘Г­i NTK Fashion','SГџв•‘Гєn phГџв•‘вЊђm QuГџв•‘Вєn Jeans chГџв•‘Г‘t lв•ћв–‘Гџв•—Гєng cao, thiГџв•‘в”ђt kГџв•‘в”ђ chuГџв•‘вЊђn, giao hв”њГЎng nhanh.'),('JE02','CAT08','QuГџв•‘Вєn Jeans MГџв•—Гјm Dв”њГ­ng Dв”њГЎi','QuГџв•‘Вєn Jeans MГџв•—Гјm Dв”њГ­ng Dв”њГЎi GГџв•‘ВЎp GГџв•‘Г‘u QuГџв•‘Вєn Dв”њГЎi Form RГџв•—Г–ng ChГџв•‘Г‘t Denim MГџв•—Гјm в”ЂГ‰Гџв•—вЊђng Form Unisex','https://down-vn.img.susercontent.com/file/vn-11134207-820l4-mftf1gdhowll3e@resize_w900_nl.webp',4.3,123,1,4.8,100,'Mua  QuГџв•‘Вєn Jeans  giв”њГ­ tГџв•—Г¦t tГџв•‘Г­i NTK Fashion','SГџв•‘Гєn phГџв•‘вЊђm QuГџв•‘Вєn Jeans chГџв•‘Г‘t lв•ћв–‘Гџв•—Гєng cao, thiГџв•‘в”ђt kГџв•‘в”ђ chuГџв•‘вЊђn, giao hв”њГЎng nhanh.'),('JE03','CAT08','QuГџв•‘Вєn Jean Dв”њГ­ng LГџв•—ВЎng Dв”њГЎi Demi','QuГџв•‘Вєn Jean Dв”њГ­ng LГџв•—ВЎng Dв”њГЎi Demi Jean Short Nв”ЂГўng в”ЂГ‰Гџв•—Г–ng Denim Wash','https://down-vn.img.susercontent.com/file/vn-11134207-7ras8-mbc529lr4zbsf1@resize_w900_nl.webp',4.8,127,1,4.8,100,'Mua  QuГџв•‘Вєn Jeans  giв”њГ­ tГџв•—Г¦t tГџв•‘Г­i NTK Fashion','SГџв•‘Гєn phГџв•‘вЊђm QuГџв•‘Вєn Jeans chГџв•‘Г‘t lв•ћв–‘Гџв•—Гєng cao, thiГџв•‘в”ђt kГџв•‘в”ђ chuГџв•‘вЊђn, giao hв”њГЎng nhanh.'),('JE04','CAT08','QuГџв•‘Вєn Jeans Wash','QuГџв•‘Вєn Jeans Wash New CГџв•‘Г­p Cao QuГџв•‘Вєn Bв”њв–“ Гџв•—Г‰ng RГџв•—Г–ng Tв”њв”¤n Dв”њГ­ng Basic','https://down-vn.img.susercontent.com/file/vn-11134207-820l4-mfxc467plp8te5@resize_w900_nl.webp',4.0,305,1,4.8,100,'Mua  QuГџв•‘Вєn Jeans  giв”њГ­ tГџв•—Г¦t tГџв•‘Г­i NTK Fashion','SГџв•‘Гєn phГџв•‘вЊђm QuГџв•‘Вєn Jeans chГџв•‘Г‘t lв•ћв–‘Гџв•—Гєng cao, thiГџв•‘в”ђt kГџв•‘в”ђ chuГџв•‘вЊђn, giao hв”њГЎng nhanh.'),('JE05','CAT08','QuГџв•‘Вєn Bв”њв–“ Wash Mв”њГЎu','QuГџв•‘Вєn Jean Гџв•—Г‰ng RГџв•—Г–ng Tв”њв”¤n Dв”њГ­ng QuГџв•‘Вєn Bв”њв–“ Wash Mв”њГЎu Unisex ThГџв•—ВҐi Trang Nam NГџв•—В»','https://down-vn.img.susercontent.com/file/vn-11134207-820l4-mfzb05oeal8odb@resize_w900_nl.webp',4.4,422,1,4.8,100,'Mua  QuГџв•‘Вєn Jeans  giв”њГ­ tГџв•—Г¦t tГџв•‘Г­i NTK Fashion','SГџв•‘Гєn phГџв•‘вЊђm QuГџв•‘Вєn Jeans chГџв•‘Г‘t lв•ћв–‘Гџв•—Гєng cao, thiГџв•‘в”ђt kГџв•‘в”ђ chuГџв•‘вЊђn, giao hв”њГЎng nhanh.'),('P01','CAT04','QuГџв•‘Вєn Dв”њГЎi KГџв•‘в•— SГџв•—Г¬c Kaki','QuГџв•‘Вєn Dв”њГЎi KГџв•‘в•— SГџв•—Г¬c Kaki Гџв•—Г‰ng RГџв•—Г–ng PhГџв•—Г¦i Dв”њГіy Belt','https://down-vn.img.susercontent.com/file/vn-11134207-7ra0g-m7q889omjzub28.webp',4.9,170,1,4.9,51,'Mua QuГџв•‘Вєn Dв”њГЎi KГџв•‘в•— SГџв•—Г¬c Kaki giв”њГ­ tГџв•—Г¦t tГџв•‘Г­i NTK Fashion','SГџв•‘Гєn phГџв•‘вЊђm QuГџв•‘Вєn Dв”њГЎi KГџв•‘в•— SГџв•—Г¬c Kaki chГџв•‘Г‘t lв•ћв–‘Гџв•—Гєng cao, thiГџв•‘в”ђt kГџв•‘в”ђ chuГџв•‘вЊђn, giao hв”њГЎng nhanh.'),('P02','CAT04','QuГџв•‘Вєn Kaki BALLOON','QuГџв•‘Вєn Kaki BALLOON Гџв•—Г‰ng RГџв•—Г–ng Dв”њГ­ng Cong Pants Hack Eo Phong Cв”њГ­ch','https://down-vn.img.susercontent.com/file/vn-11134207-7ras8-mc8wdg5whi6qb8.webp',4.0,313,1,4.0,94,'Mua QuГџв•‘Вєn Kaki BALLOON giв”њГ­ tГџв•—Г¦t tГџв•‘Г­i NTK Fashion','SГџв•‘Гєn phГџв•‘вЊђm QuГџв•‘Вєn Kaki BALLOON chГџв•‘Г‘t lв•ћв–‘Гџв•—Гєng cao, thiГџв•‘в”ђt kГџв•‘в”ђ chuГџв•‘вЊђn, giao hв”њГЎng nhanh.'),('P03','CAT04','QuГџв•‘Вєn NГџв•—Г« Form RГџв•—Г–ng ORIGINALS','QuГџв•‘Вєn NГџв•—Г« Form RГџв•—Г–ng ORIGINALS Khв”њв”¤ng Xв”њв•Ј Phong Cв”њГ­ch в”ЂГ‰в•ћГ­n GiГџв•‘Гєn ThoГџв•‘Гєi Mв”њГ­i','https://down-vn.img.susercontent.com/file/vn-11134207-820l4-meksw027d340f0.webp',4.5,99,1,4.5,30,'Mua QuГџв•‘Вєn NГџв•—Г« Form RГџв•—Г–ng ORIGINALS giв”њГ­ tГџв•—Г¦t tГџв•‘Г­i NTK Fashion','SГџв•‘Гєn phГџв•‘вЊђm QuГџв•‘Вєn NГџв•—Г« Form RГџв•—Г–ng ORIGINALS chГџв•‘Г‘t lв•ћв–‘Гџв•—Гєng cao, thiГџв•‘в”ђt kГџв•‘в”ђ chuГџв•‘вЊђn, giao hв”њГЎng nhanh.'),('P04','CAT04','QuГџв•‘Вєn VГџв•‘Гєi Dв”њв•Ј XГџв•‘в”ђp Ly Гџв•—Г‰ng ThГџв•—Г‘ng','QuГџв•‘Вєn VГџв•‘Гєi Dв”њв•Ј XГџв•‘в”ђp Ly Гџв•—Г‰ng ThГџв•—Г‘ng Form Wide Leg Phong Cв”њГ­ch в”ЂГ‰в•ћв–‘Гџв•—ВҐng PhГџв•—Г¦ Hв”њГЎn QuГџв•—Г¦c','https://down-vn.img.susercontent.com/file/vn-11134207-820l4-mgrnaj06x2bw5f.webp',4.7,36,1,4.7,11,'Mua QuГџв•‘Вєn VГџв•‘Гєi Dв”њв•Ј XГџв•‘в”ђp Ly Гџв•—Г‰ng ThГџв•—Г‘ng giв”њГ­ tГџв•—Г¦t tГџв•‘Г­i NTK Fashion','SГџв•‘Гєn phГџв•‘вЊђm QuГџв•‘Вєn VГџв•‘Гєi Dв”њв•Ј XГџв•‘в”ђp Ly Гџв•—Г‰ng ThГџв•—Г‘ng chГџв•‘Г‘t lв•ћв–‘Гџв•—Гєng cao, thiГџв•‘в”ђt kГџв•‘в”ђ chuГџв•‘вЊђn, giao hв”њГЎng nhanh.'),('P05','CAT04','QuГџв•‘Вєn Parachute Harem','QuГџв•‘Вєn Parachute Harem Dв”њГ­ng ThГџв•—Г‘ng Vintage QuГџв•‘Вєn Dв”њГЎi DГџв•—Г  VГџв•‘ВЎn в”ЂГ‰Гџв•—Г–ng NhГџв•‘ВЎt BГџв•‘Гєn','https://down-vn.img.susercontent.com/file/vn-11134207-7ras8-mdk2lm3j25s5f1.webp',4.6,247,1,4.6,74,'Mua QuГџв•‘Вєn Parachute Harem giв”њГ­ tГџв•—Г¦t tГџв•‘Г­i NTK Fashion','SГџв•‘Гєn phГџв•‘вЊђm QuГџв•‘Вєn Parachute Harem chГџв•‘Г‘t lв•ћв–‘Гџв•—Гєng cao, thiГџв•‘в”ђt kГџв•‘в”ђ chuГџв•‘вЊђn, giao hв”њГЎng nhanh.'),('P06','CAT04','QuГџв•‘Вєn Jean Гџв•—Г‰ng RГџв•—Г–ng','QuГџв•‘Вєn Jean Гџв•—Г‰ng RГџв•—Г–ng Tв”њв”¤n Dв”њГ­ng QuГџв•‘Вєn Bв”њв–“ Wash Mв”њГЎu Unisex ThГџв•—ВҐi Trang Nam NГџв•—В»','https://down-vn.img.susercontent.com/file/vn-11134207-820l4-mfzb05oeal8odb.webp',4.8,400,1,4.8,120,'Mua QuГџв•‘Вєn Jean Гџв•—Г‰ng RГџв•—Г–ng giв”њГ­ tГџв•—Г¦t tГџв•‘Г­i NTK Fashion','SГџв•‘Гєn phГџв•‘вЊђm QuГџв•‘Вєn Jean Гџв•—Г‰ng RГџв•—Г–ng chГџв•‘Г‘t lв•ћв–‘Гџв•—Гєng cao, thiГџв•‘в”ђt kГџв•‘в”ђ chuГџв•‘вЊђn, giao hв”њГЎng nhanh.'),('P07','CAT04','QuГџв•‘Вєn VГџв•‘Гєi Dв”њв•Ј Tв”њв•‘i HГџв•—Г–p','QuГџв•‘Вєn VГџв•‘Гєi Dв”њв•Ј Tв”њв•‘i HГџв•—Г–p Form ThГџв•—Г‘ng PhГџв•—Г¦i Dв”њГіy Rв”њв•‘t Nam NГџв•—В» Cargo Pants Streetwear','https://down-vn.img.susercontent.com/file/vn-11134207-7r98o-lzjxjlys0s695c.webp',4.4,471,1,4.4,141,'Mua QuГџв•‘Вєn VГџв•‘Гєi Dв”њв•Ј Tв”њв•‘i HГџв•—Г–p giв”њГ­ tГџв•—Г¦t tГџв•‘Г­i NTK Fashion','SГџв•‘Гєn phГџв•‘вЊђm QuГџв•‘Вєn VГџв•‘Гєi Dв”њв•Ј Tв”њв•‘i HГџв•—Г–p chГџв•‘Г‘t lв•ћв–‘Гџв•—Гєng cao, thiГџв•‘в”ђt kГџв•‘в”ђ chuГџв•‘вЊђn, giao hв”њГЎng nhanh.'),('P08','CAT04','QuГџв•‘Вєn Dв”њГЎi VГџв•‘Гєi в”ЂГ‰в”јвЊђi CГџв•‘Г­p Chun','QuГџв•‘Вєn Dв”њГЎi VГџв•‘Гєi в”ЂГ‰в”јвЊђi CГџв•‘Г­p Chun MГџв•—Гјm MГџв•‘Г­i Thв”њв”¤ng Thoв”њГ­ng в”ЂГ‰a Nв”ЂГўng Mв”њв•Јa Thu Mв”њв•Јa в”ЂГ‰в”њв”¤ng','https://down-vn.img.susercontent.com/file/vn-11134207-7ras8-mcm9c1erguct08.webp',4.3,123,1,4.3,37,'Mua QuГџв•‘Вєn Dв”њГЎi VГџв•‘Гєi в”ЂГ‰в”јвЊђi CГџв•‘Г­p Chun giв”њГ­ tГџв•—Г¦t tГџв•‘Г­i NTK Fashion','SГџв•‘Гєn phГџв•‘вЊђm QuГџв•‘Вєn Dв”њГЎi VГџв•‘Гєi в”ЂГ‰в”јвЊђi CГџв•‘Г­p Chun chГџв•‘Г‘t lв•ћв–‘Гџв•—Гєng cao, thiГџв•‘в”ђt kГџв•‘в”ђ chuГџв•‘вЊђn, giao hв”њГЎng nhanh.'),('P09','CAT04','QuГџв•‘Вєn Kaki Гџв•—Г‰ng RГџв•—Г–ng Гџв•—Г‰ng Suв”њв”¤ng','QuГџв•‘Вєn Kaki Гџв•—Г‰ng RГџв•—Г–ng Гџв•—Г‰ng Suв”њв”¤ng Phong Cв”њГ­ch TrГџв•‘в•— Trung Nв”ЂГўng в”ЂГ‰Гџв•—Г–ng DГџв•—Г  PhГџв•—Г¦i в”ЂГ‰Гџв•—Гґ','https://down-vn.img.susercontent.com/file/vn-11134207-7ras8-md9vnutr17doc8@resize_w900_nl.webp',5.0,297,1,5.0,89,'Mua QuГџв•‘Вєn Kaki Гџв•—Г‰ng RГџв•—Г–ng Гџв•—Г‰ng Suв”њв”¤ng giв”њГ­ tГџв•—Г¦t tГџв•‘Г­i NTK Fashion','SГџв•‘Гєn phГџв•‘вЊђm QuГџв•‘Вєn Kaki Гџв•—Г‰ng RГџв•—Г–ng Гџв•—Г‰ng Suв”њв”¤ng chГџв•‘Г‘t lв•ћв–‘Гџв•—Гєng cao, thiГџв•‘в”ђt kГџв•‘в”ђ chuГџв•‘вЊђn, giao hв”њГЎng nhanh.'),('P10','CAT04','QuГџв•‘Вєn VГџв•‘Гєi Dв”њв•Ј Гџв•—Г‰ng RГџв•—Г–ng PARACHUTE','QuГџв•‘Вєn VГџв•‘Гєi Dв”њв•Ј Гџв•—Г‰ng RГџв•—Г–ng PARACHUTE Mв”њГЎu Trв•ћГ­n','https://down-vn.img.susercontent.com/file/vn-11134207-7qukw-lj6mxj354wzwd3.webp',4.9,206,1,4.9,62,'Mua QuГџв•‘Вєn VГџв•‘Гєi Dв”њв•Ј Гџв•—Г‰ng RГџв•—Г–ng PARACHUTE giв”њГ­ tГџв•—Г¦t tГџв•‘Г­i NTK Fashion','SГџв•‘Гєn phГџв•‘вЊђm QuГџв•‘Вєn VГџв•‘Гєi Dв”њв•Ј Гџв•—Г‰ng RГџв•—Г–ng PARACHUTE chГџв•‘Г‘t lв•ћв–‘Гџв•—Гєng cao, thiГџв•‘в”ђt kГџв•‘в”ђ chuГџв•‘вЊђn, giao hв”њГЎng nhanh.'),('PL01','CAT07','в”њГјo Thun Polo PhГџв•—Г¦i CГџв•—ГІ','в”њГјo Thun Polo PhГџв•—Г¦i CГџв•—ГІ Basic Nв”ЂГўng в”ЂГ‰Гџв•—Г–ng Cho NГџв•—В» Xuв”њГіn Hв”њВї 2025','https://down-vn.img.susercontent.com/file/vn-11134207-7ras8-mcrbsixysl9pbc@resize_w900_nl.webp',4.7,413,1,4.7,124,'Mua в”њГјo Thun Polo PhГџв•—Г¦i CГџв•—ГІ giв”њГ­ tГџв•—Г¦t tГџв•‘Г­i NTK Fashion','SГџв•‘Гєn phГџв•‘вЊђm в”њГјo Thun Polo PhГџв•—Г¦i CГџв•—ГІ chГџв•‘Г‘t lв•ћв–‘Гџв•—Гєng cao, thiГџв•‘в”ђt kГџв•‘в”ђ chuГџв•‘вЊђn, giao hв”њГЎng nhanh.'),('PL02','CAT07','в”њГјo Polo KГџв•‘в•— SГџв•—Г¬c BabyTee','в”њГјo Polo KГџв•‘в•— SГџв•—Г¬c BabyTee HГџв•—Г¬a TiГџв•‘в”ђt Thв”њВ¬u ThiГџв•‘в”ђt KГџв•‘в”ђ Tв”њв”¤n Dв”њГ­ng Cho NГџв•—В»','https://down-vn.img.susercontent.com/file/vn-11134207-7ra0g-m9o595a72b1qf8@resize_w900_nl.webp',4.2,359,1,4.2,108,'Mua в”њГјo Polo KГџв•‘в•— SГџв•—Г¬c BabyTee giв”њГ­ tГџв•—Г¦t tГџв•‘Г­i NTK Fashion','SГџв•‘Гєn phГџв•‘вЊђm в”њГјo Polo KГџв•‘в•— SГџв•—Г¬c BabyTee chГџв•‘Г‘t lв•ћв–‘Гџв•—Гєng cao, thiГџв•‘в”ђt kГџв•‘в”ђ chuГџв•‘вЊђn, giao hв”њГЎng nhanh.'),('PL03','CAT07','в”њГјo Polo ChiГџв•‘в”ђt Eo Tay BГџв•—Гґng','в”њГјo Polo ChiГџв•‘в”ђt Eo Tay BГџв•—Гґng Form в”њГ¶m VГџв•—ВЅa Tв”њв”¤n Dв”њГ­ng Cho NГџв•—В» Xuв”њГіn Hв”њВї 2025','https://down-vn.img.susercontent.com/file/vn-11134207-7ra0g-m9k2akpj4mqi7b@resize_w900_nl.webp',4.7,499,1,4.7,150,'Mua в”њГјo Polo ChiГџв•‘в”ђt Eo Tay BГџв•—Гґng giв”њГ­ tГџв•—Г¦t tГџв•‘Г­i NTK Fashion','SГџв•‘Гєn phГџв•‘вЊђm в”њГјo Polo ChiГџв•‘в”ђt Eo Tay BГџв•—Гґng chГџв•‘Г‘t lв•ћв–‘Гџв•—Гєng cao, thiГџв•‘в”ђt kГџв•‘в”ђ chuГџв•‘вЊђn, giao hв”њГЎng nhanh.'),('PL04','CAT07','в”њГјo Thun Dв”њГЎi Tay Polo KГџв•‘в•— Ngang','в”њГјo Thun Dв”њГЎi Tay Polo KГџв•‘в•— Ngang SГџв•—Г¬c LГџв•—Вўn Hв”њГЎn QuГџв•—Г¦c Thu в”ЂГ‰в”њв”¤ng Logo Thв”њВ¬u Trendy','https://down-vn.img.susercontent.com/file/vn-11134207-820l4-mh5pidvewdu7e2@resize_w900_nl.webp',4.7,175,1,4.7,53,'Mua в”њГјo Thun Dв”њГЎi Tay Polo KГџв•‘в•— Ngang giв”њГ­ tГџв•—Г¦t tГџв•‘Г­i NTK Fashion','SГџв•‘Гєn phГџв•‘вЊђm в”њГјo Thun Dв”њГЎi Tay Polo KГџв•‘в•— Ngang chГџв•‘Г‘t lв•ћв–‘Гџв•—Гєng cao, thiГџв•‘в”ђt kГџв•‘в”ђ chuГџв•‘вЊђn, giao hв”њГЎng nhanh.'),('PL05','CAT07','в”њГјo Polo Basic Babytee','в”њГјo Polo Basic Babytee Cho NГџв•—В» VГџв•‘Гєi Cв”њГ­ SГџв•‘Г‘u Cotton Logo Thв”њВ¬u Tв”њв•‘i NgГџв•—в–’c','https://down-vn.img.susercontent.com/file/vn-11134207-7ras8-m0mh43fd5ocvc4@resize_w900_nl.webp',4.7,163,1,4.7,49,'Mua в”њГјo Polo Basic Babytee giв”њГ­ tГџв•—Г¦t tГџв•‘Г­i NTK Fashion','SГџв•‘Гєn phГџв•‘вЊђm в”њГјo Polo Basic Babytee chГџв•‘Г‘t lв•ћв–‘Гџв•—Гєng cao, thiГџв•‘в”ђt kГџв•‘в”ђ chuГџв•‘вЊђn, giao hв”њГЎng nhanh.'),('PL06','CAT07','в”њГјo Len Dв”њГЎi Tay CГџв•—ГІ Polo','в”њГјo Len Dв”њГЎi Tay CГџв•—ГІ Polo в”њГјo Len VГџв•‘в•–n ThГџв•—ВЅng Basic ChГџв•‘Г‘t MГџв•—ГЇn Dв”њГЎy DГџв•‘в•–n Premium','https://down-vn.img.susercontent.com/file/vn-11134207-820l4-mjl2uiqymznrd3@resize_w900_nl.webp',4.3,436,1,4.3,131,'Mua в”њГјo Len Dв”њГЎi Tay CГџв•—ГІ Polo giв”њГ­ tГџв•—Г¦t tГџв•‘Г­i NTK Fashion','SГџв•‘Гєn phГџв•‘вЊђm в”њГјo Len Dв”њГЎi Tay CГџв•—ГІ Polo chГџв•‘Г‘t lв•ћв–‘Гџв•—Гєng cao, thiГџв•‘в”ђt kГџв•‘в”ђ chuГџв•‘вЊђn, giao hв”њГЎng nhanh.'),('S01','CAT05','в”њГјo Sв•ћГ­ Mi Basic','в”њГјo Sв•ћГ­ Mi Basic NhiГџв•—Гјu Mв”њГЎu Dв”њГ­ng RГџв•—Г–ng HГџв•—Г¬a TiГџв•‘в”ђt KГџв•‘в•— SГџв•—Г¬c ThГџв•—ВҐi Trang в”ЂГ‰в•ћв–‘Гџв•—ВҐng PhГџв•—Г¦','https://down-vn.img.susercontent.com/file/vn-11134207-7r98o-llqdtiaj374v5c.webp',4.7,450,1,4.7,135,'Mua в”њГјo Sв•ћГ­ Mi Basic giв”њГ­ tГџв•—Г¦t tГџв•‘Г­i NTK Fashion','SГџв•‘Гєn phГџв•‘вЊђm в”њГјo Sв•ћГ­ Mi Basic chГџв•‘Г‘t lв•ћв–‘Гџв•—Гєng cao, thiГџв•‘в”ђt kГџв•‘в”ђ chuГџв•‘вЊђn, giao hв”њГЎng nhanh.'),('S02','CAT05','в”њГјo Sв•ћГ­ Mi ChiГџв•‘в”ђt Eo','в”њГјo Sв•ћГ­ Mi ChiГџв•‘в”ђt Eo BuГџв•—Г–c Nв•ћГ­ Cв”њв”‚ Tв”њв•‘i NgГџв•—в–’c Dв”њГЎnh Cho NГџв•—В» Phong Cв”њГ­ch Hв”њГЎn QuГџв•—Г¦c','https://down-vn.img.susercontent.com/file/vn-11134207-7ras8-md2x7l0cran0fb@resize_w900_nl.webp',4.1,484,1,4.1,145,'Mua в”њГјo Sв•ћГ­ Mi ChiГџв•‘в”ђt Eo giв”њГ­ tГџв•—Г¦t tГџв•‘Г­i NTK Fashion','SГџв•‘Гєn phГџв•‘вЊђm в”њГјo Sв•ћГ­ Mi ChiГџв•‘в”ђt Eo chГџв•‘Г‘t lв•ћв–‘Гџв•—Гєng cao, thiГџв•‘в”ђt kГџв•‘в”ђ chuГџв•‘вЊђn, giao hв”њГЎng nhanh.'),('S03','CAT05','в”њГјo Sв•ћГ­ Mi KГџв•‘в•— CГџв•—ГїC TAY','в”њГјo Sв•ћГ­ Mi KГџв•‘в•— CГџв•—ГїC TAY VГџв•‘Гєi Oxford PhГџв•—Г¦i CГџв•—ГІ TrГџв•‘В»ng Dв”њГ­ng RГџв•—Г–ng Phong Cв”њГ­ch Hв”њГЎn QuГџв•—Г¦c','https://down-vn.img.susercontent.com/file/vn-11134207-7r98o-ltdmmaiv6t9548@resize_w900_nl.webp',4.3,180,1,4.3,54,'Mua в”њГјo Sв•ћГ­ Mi KГџв•‘в•— CГџв•—ГїC TAY giв”њГ­ tГџв•—Г¦t tГџв•‘Г­i NTK Fashion','SГџв•‘Гєn phГџв•‘вЊђm в”њГјo Sв•ћГ­ Mi KГџв•‘в•— CГџв•—ГїC TAY chГџв•‘Г‘t lв•ћв–‘Гџв•—Гєng cao, thiГџв•‘в”ђt kГџв•‘в”ђ chuГџв•‘вЊђn, giao hв”њГЎng nhanh.'),('S04','CAT05','в”њГјo Sв•ћГ­ Mi Form Fit','в”њГјo Sв•ћГ­ Mi Bycamcam Form Fit Trв•ћГ­n NhiГџв•—Гјu Mв”њГЎu Thoв”њГ­ng Khв”њВЎ в”ЂГ‰Гџв•—вЊђng Form','https://down-vn.img.susercontent.com/file/vn-11134207-7r98o-lzrhde113o9t1f.webp',4.6,253,1,4.6,76,'Mua в”њГјo Sв•ћГ­ Mi Form Fit giв”њГ­ tГџв•—Г¦t tГџв•‘Г­i NTK Fashion','SГџв•‘Гєn phГџв•‘вЊђm в”њГјo Sв•ћГ­ Mi Form Fit chГџв•‘Г‘t lв•ћв–‘Гџв•—Гєng cao, thiГџв•‘в”ђt kГџв•‘в”ђ chuГџв•‘вЊђn, giao hв”њГЎng nhanh.'),('S05','CAT05','в”њГјo Sв•ћГ­ Mi CГџв•—Г–c Tay Form RГџв•—Г–ng','в”њГјo Sв•ћГ­ Mi CГџв•—Г–c Tay Form RГџв•—Г–ng TrГџв•‘в•— Trung HoГџв•‘Г­ TiГџв•‘в”ђt KГџв•‘в•— Khoв”њГ­ Trв”њГ­i Tim','https://down-vn.img.susercontent.com/file/vn-11134207-7ras8-mbgh9gzxgbc0ed.webp',4.2,430,1,4.2,129,'Mua в”њГјo Sв•ћГ­ Mi CГџв•—Г–c Tay Form RГџв•—Г–ng giв”њГ­ tГџв•—Г¦t tГџв•‘Г­i NTK Fashion','SГџв•‘Гєn phГџв•‘вЊђm в”њГјo Sв•ћГ­ Mi CГџв•—Г–c Tay Form RГџв•—Г–ng chГџв•‘Г‘t lв•ћв–‘Гџв•—Гєng cao, thiГџв•‘в”ђt kГџв•‘в”ђ chuГџв•‘вЊђn, giao hв”њГЎng nhanh.'),('S06','CAT05','в”њГјo Sв•ћГ­ Mi KГџв•‘в•— SГџв•—Г¬c Tay Dв”њГЎi MГџв•—Г…ng Mв”њГ­t','в”њГјo Sв•ћГ­ Mi KГџв•‘в•— SГџв•—Г¬c Tay Dв”њГЎi MГџв•—Г…ng Mв”њГ­t Form RГџв•—Г–ng VГџв•‘Г­t Tв”њв”¤m ThГџв•—ВҐi Trang Hв”њГЎn QuГџв•—Г¦c','https://down-vn.img.susercontent.com/file/vn-11134207-7r98o-lxunl9nhukt783@resize_w900_nl.webp',4.8,357,1,4.8,107,'Mua в”њГјo Sв•ћГ­ Mi KГџв•‘в•— SГџв•—Г¬c Tay Dв”њГЎi MГџв•—Г…ng Mв”њГ­t giв”њГ­ tГџв•—Г¦t tГџв•‘Г­i NTK Fashion','SГџв•‘Гєn phГџв•‘вЊђm в”њГјo Sв•ћГ­ Mi KГџв•‘в•— SГџв•—Г¬c Tay Dв”њГЎi MГџв•—Г…ng Mв”њГ­t chГџв•‘Г‘t lв•ћв–‘Гџв•—Гєng cao, thiГџв•‘в”ђt kГџв•‘в”ђ chuГџв•‘вЊђn, giao hв”њГЎng nhanh.'),('S07','CAT05','в”њГјo Sв•ћГ­ Mi KГџв•‘в•— SГџв•—Г¬c CГџв•—ГІ NhГџв•—Г¬n','в”њГјo Sв•ћГ­ Mi KГџв•‘в•— SГџв•—Г¬c CГџв•—ГІ NhГџв•—Г¬n Striped Shirt Dв”њГ­ng LГџв•—ВЎng Phong Cв”њГ­ch Hв”њГЎn QuГџв•—Г¦c','https://down-vn.img.susercontent.com/file/vn-11134207-7r98o-lvzhuqgyr1ej37@resize_w900_nl.webp',4.5,82,1,4.5,25,'Mua в”њГјo Sв•ћГ­ Mi KГџв•‘в•— SГџв•—Г¬c CГџв•—ГІ NhГџв•—Г¬n giв”њГ­ tГџв•—Г¦t tГџв•‘Г­i NTK Fashion','SГџв•‘Гєn phГџв•‘вЊђm в”њГјo Sв•ћГ­ Mi KГџв•‘в•— SГџв•—Г¬c CГџв•—ГІ NhГџв•—Г¬n chГџв•‘Г‘t lв•ћв–‘Гџв•—Гєng cao, thiГџв•‘в”ђt kГџв•‘в”ђ chuГџв•‘вЊђn, giao hв”њГЎng nhanh.'),('SH01','CAT06','QuГџв•‘Вєn Short Kaki Tв”њв•‘i HГџв•—Г–p','QuГџв•‘Вєn Short Kaki Tв”њв•‘i HГџв•—Г–p Dв”њГ­ng NgГџв•‘В»n Phong Cв”њГ­ch Retro','https://down-vn.img.susercontent.com/file/vn-11134207-7ras8-mcg2d2ixd4fw7b@resize_w900_nl.webp',4.7,396,1,4.7,119,'Mua QuГџв•‘Вєn Short Kaki Tв”њв•‘i HГџв•—Г–p giв”њГ­ tГџв•—Г¦t tГџв•‘Г­i NTK Fashion','SГџв•‘Гєn phГџв•‘вЊђm QuГџв•‘Вєn Short Kaki Tв”њв•‘i HГџв•—Г–p chГџв•‘Г‘t lв•ћв–‘Гџв•—Гєng cao, thiГџв•‘в”ђt kГџв•‘в”ђ chuГџв•‘вЊђn, giao hв”њГЎng nhanh.'),('SH02','CAT06','QuГџв•‘Вєn Short Dв”њв•Ј ThГџв•—Гў Thao','QuГџв•‘Вєn Short Dв”њв•Ј ThГџв•—Гў Thao SГџв•—Г¬c VГџв•‘Гєi Dв”њв•Ј Phong Cв”њГ­ch Sporty','https://down-vn.img.susercontent.com/file/vn-11134207-7ras8-md5i7uvw67nj7a@resize_w900_nl.webp',4.1,138,1,4.1,41,'Mua QuГџв•‘Вєn Short Dв”њв•Ј ThГџв•—Гў Thao giв”њГ­ tГџв•—Г¦t tГџв•‘Г­i NTK Fashion','SГџв•‘Гєn phГџв•‘вЊђm QuГџв•‘Вєn Short Dв”њв•Ј ThГџв•—Гў Thao chГџв•‘Г‘t lв•ћв–‘Гџв•—Гєng cao, thiГџв•‘в”ђt kГџв•‘в”ђ chuГџв•‘вЊђn, giao hв”њГЎng nhanh.'),('SH03','CAT06','QuГџв•‘Вєn Jeans Short LГџв•—ВЎng','QuГџв•‘Вєn Jeans Short LГџв•—ВЎng CГџв•‘Г­p в”ЂГ‰в”њВЎnh Cв”њв•‘c VГџв•‘Гєi Denim Phong Cв”њГ­ch Hв”њГЎn QuГџв•—Г¦c','https://down-vn.img.susercontent.com/file/vn-11134207-820l4-mfxj5ibz0u8c2f@resize_w900_nl.webp',4.7,194,1,4.7,58,'Mua QuГџв•‘Вєn Jeans Short LГџв•—ВЎng giв”њГ­ tГџв•—Г¦t tГџв•‘Г­i NTK Fashion','SГџв•‘Гєn phГџв•‘вЊђm QuГџв•‘Вєn Jeans Short LГџв•—ВЎng chГџв•‘Г‘t lв•ћв–‘Гџв•—Гєng cao, thiГџв•‘в”ђt kГџв•‘в”ђ chuГџв•‘вЊђn, giao hв”њГЎng nhanh.'),('SK01','CAT09','Chв”њГіn Vв”њГ­y NgГџв•‘В»n Y2K','Chв”њГіn Vв”њГ­y NgГџв•‘В»n Y2K Caro Lв•ћв–‘ng ThГџв•‘Г‘p Kв”њВїm QuГџв•‘Вєn BГџв•‘Гєo HГџв•—Г–','https://down-vn.img.susercontent.com/file/vn-11134207-7r98o-lzbdjua7vpe59e@resize_w900_nl.webp',4.4,349,1,4.8,100,'Mua Vв”њГ­y giв”њГ­ tГџв•—Г¦t tГџв•‘Г­i NTK Fashion','SГџв•‘Гєn phГџв•‘вЊђm Vв”њГ­y chГџв•‘Г‘t lв•ћв–‘Гџв•—Гєng cao, thiГџв•‘в”ђt kГџв•‘в”ђ chuГџв•‘вЊђn, giao hв”њГЎng nhanh.'),('SK02','CAT09','QuГџв•‘Вєn Vв”њГ­y NgГџв•‘В»n NГџв•—Г« в”њГ«p','QuГџв•‘Вєn Vв”њГ­y NgГџв•‘В»n NГџв•—Г« в”њГ«p Basic Tв”њв”¤n Dв”њГ­ng Dв”њГЎnh Cho NГџв•—В» Phong Cв”њГ­ch Hв”њГЎn QuГџв•—Г¦c','https://down-vn.img.susercontent.com/file/vn-11134207-7ras8-mcr9179vpcx98a@resize_w900_nl.webp',4.8,58,1,4.8,100,'Mua Vв”њГ­y giв”њГ­ tГџв•—Г¦t tГџв•‘Г­i NTK Fashion','SГџв•‘Гєn phГџв•‘вЊђm Vв”њГ­y chГџв•‘Г‘t lв•ћв–‘Гџв•—Гєng cao, thiГџв•‘в”ђt kГџв•‘в”ђ chuГџв•‘вЊђn, giao hв”њГЎng nhanh.'),('SK03','CAT09','Chв”њГіn Vв”њГ­y Dв”њГЎi XГџв•‘в”ђp Ly','Chв”њГіn Vв”њГ­y Dв”њГЎi XГџв•‘в”ђp Ly Lв•ћв–‘ng Cao Phong Cв”њГ­ch Hв”њГЎn QuГџв•—Г¦c','https://down-vn.img.susercontent.com/file/vn-11134207-7ras8-mczvn82i30rx20@resize_w900_nl.webp',4.2,98,1,4.8,100,'Mua Vв”њГ­y giв”њГ­ tГџв•—Г¦t tГџв•‘Г­i NTK Fashion','SГџв•‘Гєn phГџв•‘вЊђm Vв”њГ­y chГџв•‘Г‘t lв•ћв–‘Гџв•—Гєng cao, thiГџв•‘в”ђt kГџв•‘в”ђ chuГџв•‘вЊђn, giao hв”њГЎng nhanh.'),('SK04','CAT09','QuГџв•‘Вєn Vв”њГ­y Cв”њГ­ch в”ЂГ‰iГџв•—Г§u','QuГџв•‘Вєn Vв”њГ­y Cв”њГ­ch в”ЂГ‰iГџв•—Г§u Hв”њГЎn QuГџв•—Г¦c VГџв•‘Гєi Chв”њвЊђo Hв”њГЎn в”ЂГ‰в”њВЎnh Logo NГџв•—В» Tв”њВЎnh','https://down-vn.img.susercontent.com/file/vn-11134207-7ras8-mcpv6fnksgnw5f@resize_w900_nl.webp',4.2,203,1,4.8,100,'Mua Vв”њГ­y giв”њГ­ tГџв•—Г¦t tГџв•‘Г­i NTK Fashion','SГџв•‘Гєn phГџв•‘вЊђm Vв”њГ­y chГџв•‘Г‘t lв•ћв–‘Гџв•—Гєng cao, thiГџв•‘в”ђt kГџв•‘в”ђ chuГџв•‘вЊђn, giao hв”њГЎng nhanh.'),('SK05','CAT09','QuГџв•‘Вєn Vв”њГ­y NgГџв•‘В»n Dв”њГ­ng Xoв”њВї','QuГџв•‘Вєn Vв”њГ­y NgГџв•‘В»n Dв”њГ­ng Xoв”њВї CГџв•‘Г­p Cao Phong Cв”њГ­ch в”њГ©u MГџв•—в•Ј Cв”њГ­ Tв”њВЎnh','https://down-vn.img.susercontent.com/file/vn-11134207-7ras8-md2zgopg67qlc2@resize_w900_nl.webp',4.4,122,1,4.8,100,'Mua Vв”њГ­y giв”њГ­ tГџв•—Г¦t tГџв•‘Г­i NTK Fashion','SГџв•‘Гєn phГџв•‘вЊђm Vв”њГ­y chГџв•‘Г‘t lв•ћв–‘Гџв•—Гєng cao, thiГџв•‘в”ђt kГџв•‘в”ђ chuГџв•‘вЊђn, giao hв”њГЎng nhanh.'),('SK06','CAT09','QuГџв•‘Вєn Vв”њГ­y NgГџв•‘В»n Dв”њГ­ng Bв”њВЎ','QuГџв•‘Вєn Vв”њГ­y NgГџв•‘В»n Dв”њГ­ng Bв”њВЎ NГџв•—В» Siв”њВ¬u PhГџв•—Гґng ChГџв•‘Г‘t Dв”њв•Ј Form NhГџв•—Г… Dв”њГ­ng NgГџв•‘В»n Hack Dв”њГ­ng Cho NГџв•—В»','https://down-vn.img.susercontent.com/file/vn-11134207-7ra0g-m7q1ympl44vl12@resize_w900_nl.webp',4.0,331,1,4.8,100,'Mua Vв”њГ­y giв”њГ­ tГџв•—Г¦t tГџв•‘Г­i NTK Fashion','SГџв•‘Гєn phГџв•‘вЊђm Vв”њГ­y chГџв•‘Г‘t lв•ћв–‘Гџв•—Гєng cao, thiГџв•‘в”ђt kГџв•‘в”ђ chuГџв•‘вЊђn, giao hв”њГЎng nhanh.'),('SK07','CAT09','QuГџв•‘Вєn Vв”њГ­y NГџв•—Г« в”њГ«p ChГџв•‘Г‘m Bi','QuГџв•‘Вєn Vв”њГ­y NГџв•—Г« в”њГ«p HoГџв•‘Г­ TiГџв•‘в”ђt ChГџв•‘Г‘m Bi Basic Trendy Nв”ЂГўng в”ЂГ‰Гџв•—Г–ng Dв”њГЎnh Cho NГџв•—В»','https://down-vn.img.susercontent.com/file/vn-11134207-820l4-mgdi1fbogft48d@resize_w900_nl.webp',4.7,325,1,4.8,100,'Mua Vв”њГ­y giв”њГ­ tГџв•—Г¦t tГџв•‘Г­i NTK Fashion','SГџв•‘Гєn phГџв•‘вЊђm Vв”њГ­y chГџв•‘Г‘t lв•ћв–‘Гџв•—Гєng cao, thiГџв•‘в”ђt kГџв•‘в”ђ chuГџв•‘вЊђn, giao hв”њГЎng nhanh.'),('SK08','CAT09','QuГџв•‘Вєn Vв”њГ­y Dв”њГ­ng ChГџв•—В» A','QuГџв•‘Вєn Vв”њГ­y Dв”њГ­ng ChГџв•—В» A Mei Skirt Pants KГџв•‘в•— SГџв•—Г¬c PhГџв•—Г¦i в”ЂГ‰ai Phong Cв”њГ­ch Hв”њГЎn QuГџв•—Г¦c','https://down-vn.img.susercontent.com/file/vn-11134207-7ra0g-madkfvd9lj7w09@resize_w900_nl.webp',4.7,420,1,4.8,100,'Mua Vв”њГ­y giв”њГ­ tГџв•—Г¦t tГџв•‘Г­i NTK Fashion','SГџв•‘Гєn phГџв•‘вЊђm Vв”њГ­y chГџв•‘Г‘t lв•ћв–‘Гџв•—Гєng cao, thiГџв•‘в”ђt kГџв•‘в”ђ chuГџв•‘вЊђn, giao hв”њГЎng nhanh.'),('SK09','CAT09','Chв”њГіn Vв”њГ­y NgГџв•‘В»n Swan Skirt','Chв”њГіn Vв”њГ­y NgГџв•‘В»n Swan Skirt XГџв•‘в”ђp TГџв•‘Вєng Cв”њв”‚ Dв”њГіy Rв”њв•‘t Dв”њГ­ng Xoв”њВї Cho NГџв•—В»','https://down-vn.img.susercontent.com/file/vn-11134207-7ras8-mbd9fec9s4w10b@resize_w900_nl.webp',4.5,118,1,4.8,100,'Mua Vв”њГ­y giв”њГ­ tГџв•—Г¦t tГџв•‘Г­i NTK Fashion','SГџв•‘Гєn phГџв•‘вЊђm Vв”њГ­y chГџв•‘Г‘t lв•ћв–‘Гџв•—Гєng cao, thiГџв•‘в”ђt kГџв•‘в”ђ chuГџв•‘вЊђn, giao hв”њГЎng nhanh.'),('SK10','CAT09','Chв”њГіn Vв”њГ­y Form Bв”њВЎ ChГџв•‘Г‘m Bi','Chв”њГіn Vв”њГ­y NgГџв•‘В»n Form Bв”њВЎ ChГџв•‘Г‘m Bi Dв”њГіy BuГџв•—Г–c Nв•ћГ­ DГџв•—Г  Thв•ћв–‘в•ћГ­ng Kв”њВїm QuГџв•‘Вєn BГџв•‘Гєo HГџв•—Г–','https://down-vn.img.susercontent.com/file/vn-11134207-7ras8-mcbxwnm5wrid6f@resize_w900_nl.webp',4.9,112,1,4.8,100,'Mua Vв”њГ­y giв”њГ­ tГџв•—Г¦t tГџв•‘Г­i NTK Fashion','SГџв•‘Гєn phГџв•‘вЊђm Vв”њГ­y chГџв•‘Г‘t lв•ћв–‘Гџв•—Гєng cao, thiГџв•‘в”ђt kГџв•‘в”ђ chuГџв•‘вЊђn, giao hв”њГЎng nhanh.'),('T01','CAT01','в”њГјo thun babytee thГџв•—Гў thao','в”њГјo Thun Babytee ThГџв•—Гў Thao Jersey Soccer Hack Dв”њГ­ng в”ЂГ‰в•ћв–‘Гџв•—ВҐng PhГџв•—Г¦ Cho NГџв•—В»','https://down-vn.img.susercontent.com/file/vn-11134207-7ra0g-m7ne96vcjmiu46.webp',4.2,433,1,4.2,130,'Mua в”њГјo thun babytee thГџв•—Гў thao giв”њГ­ tГџв•—Г¦t tГџв•‘Г­i NTK Fashion','SГџв•‘Гєn phГџв•‘вЊђm в”њГјo thun babytee thГџв•—Гў thao chГџв•‘Г‘t lв•ћв–‘Гџв•—Гєng cao, thiГџв•‘в”ђt kГџв•‘в”ђ chuГџв•‘вЊђn, giao hв”њГЎng nhanh.'),('T02','CAT01','в”њГјo thun babytee cГџв•—ГІ в”њв”¤m','в”њГјo Babytee Y2K CГџв•—ГІ в”њГ¶m 100% Cotton Phong Cв”њГ­ch Streetwear 2025','https://down-vn.img.susercontent.com/file/vn-11134207-820l4-med1e440xbev37.webp',4.7,180,1,4.7,54,'Mua в”њГјo thun babytee cГџв•—ГІ в”њв”¤m giв”њГ­ tГџв•—Г¦t tГџв•‘Г­i NTK Fashion','SГџв•‘Гєn phГџв•‘вЊђm в”њГјo thun babytee cГџв•—ГІ в”њв”¤m chГџв•‘Г‘t lв•ћв–‘Гџв•—Гєng cao, thiГџв•‘в”ђt kГџв•‘в”ђ chuГџв•‘вЊђn, giao hв”њГЎng nhanh.'),('T03','CAT01','в”њГјo thun babytee basic','в”њГјo Thun Baby Tee Basic 100% Cotton HOT TREND dГџв•—Г  phГџв•—Г¦i в”ЂГ¦Гџв•—Гґ','https://down-vn.img.susercontent.com/file/vn-11134207-820l4-mee3cwm3s4cgfd.webp',4.4,239,1,4.4,72,'Mua в”њГјo thun babytee basic giв”њГ­ tГџв•—Г¦t tГџв•‘Г­i NTK Fashion','SГџв•‘Гєn phГџв•‘вЊђm в”њГјo thun babytee basic chГџв•‘Г‘t lв•ћв–‘Гџв•—Гєng cao, thiГџв•‘в”ђt kГџв•‘в”ђ chuГџв•‘вЊђn, giao hв”њГЎng nhanh.'),('T04','CAT01','в”њГјo thun kiГџв•—Гўu trГџв•—Г  vai','в”њГјo Thun SГџв•—Г¬c TrГџв•—Г  Vai в”њГјo TrГџв•—Г  Vai PhГџв•—Г¦i Dв”њГіy BuГџв•—Г–c Nв•ћГ­ NГџв•—В» Tв”њВЎnh Hв”њГЎn QuГџв•—Г¦c','https://down-vn.img.susercontent.com/file/vn-11134207-820l4-meb5j0sgmvba74.webp',4.6,446,1,4.6,134,'Mua в”њГјo thun kiГџв•—Гўu trГџв•—Г  vai giв”њГ­ tГџв•—Г¦t tГџв•‘Г­i NTK Fashion','SГџв•‘Гєn phГџв•‘вЊђm в”њГјo thun kiГџв•—Гўu trГџв•—Г  vai chГџв•‘Г‘t lв•ћв–‘Гџв•—Гєng cao, thiГџв•‘в”ђt kГџв•‘в”ђ chuГџв•‘вЊђn, giao hв”њГЎng nhanh.'),('T05','CAT01','в”њГјo thun tay dв”њГЎi','в”њГјo Thun KГџв•‘в•— Long Sleeves Cotton KГџв•‘в•— Dв”њГЎy DГџв•‘в•–n Logo Thв”њВ¬u Unisex Nam NГџв•—В»','https://down-vn.img.susercontent.com/file/vn-11134207-820l4-mgomv4ifjpqiab.webp',4.9,491,1,4.9,147,'Mua в”њГјo thun tay dв”њГЎi giв”њГ­ tГџв•—Г¦t tГџв•‘Г­i NTK Fashion','SГџв•‘Гєn phГџв•‘вЊђm в”њГјo thun tay dв”њГЎi chГџв•‘Г‘t lв•ћв–‘Гџв•—Гєng cao, thiГџв•‘в”ђt kГџв•‘в”ђ chuГџв•‘вЊђn, giao hв”њГЎng nhanh.'),('T06','CAT01','в”њГјo thun form rГџв•—Г–ng','в”њГјo Thun KГџв•‘в•— 100% Cotton Stripes Tee Form RГџв•—Г–ng Oversized Nam NГџв•—В»','https://down-vn.img.susercontent.com/file/vn-11134207-820l4-mdy3txnrb8qoab@resize_w900_nl.webp',4.3,314,1,4.3,94,'Mua в”њГјo thun form rГџв•—Г–ng giв”њГ­ tГџв•—Г¦t tГџв•‘Г­i NTK Fashion','SГџв•‘Гєn phГџв•‘вЊђm в”њГјo thun form rГџв•—Г–ng chГџв•‘Г‘t lв•ћв–‘Гџв•—Гєng cao, thiГџв•‘в”ђt kГџв•‘в”ђ chuГџв•‘вЊђn, giao hв”њГЎng nhanh.'),('T07','CAT01','в”њГјo babytee chГџв•‘Г‘m bi','в”њГјo Babytee PhГџв•—Г¦i HoГџв•‘Г­ TiГџв•‘в”ђt ChГџв•‘Г‘m Bi в”њГјo tay Raglan NГџв•—В» Tв”њВЎnh Trendy','https://down-vn.img.susercontent.com/file/vn-11134207-820l4-mjtii2dx62o585.webp',4.5,437,1,4.5,131,'Mua в”њГјo babytee chГџв•‘Г‘m bi giв”њГ­ tГџв•—Г¦t tГџв•‘Г­i NTK Fashion','SГџв•‘Гєn phГџв•‘вЊђm в”њГјo babytee chГџв•‘Г‘m bi chГџв•‘Г‘t lв•ћв–‘Гџв•—Гєng cao, thiГџв•‘в”ђt kГџв•‘в”ђ chuГџв•‘вЊђn, giao hв”њГЎng nhanh.'),('T08','CAT01','в”њГјo Babytee Lucky Horse','в”њГјo Babytee Lucky Horse Form Basic Chв”њГЎo Nв”ЂГўm MГџв•—Вўi May MГџв•‘В»n 2026','https://down-vn.img.susercontent.com/file/vn-11134207-81ztc-mkdpz011e29xc7.webp',4.4,301,1,4.4,90,'Mua в”њГјo Babytee Lucky Horse giв”њГ­ tГџв•—Г¦t tГџв•‘Г­i NTK Fashion','SГџв•‘Гєn phГџв•‘вЊђm в”њГјo Babytee Lucky Horse chГџв•‘Г‘t lв•ћв–‘Гџв•—Гєng cao, thiГџв•‘в”ђt kГџв•‘в”ђ chuГџв•‘вЊђn, giao hв”њГЎng nhanh.'),('T09','CAT01','в”њГјo babytee в”ЂГ¦Гџв•—вЊђng form','в”њГјo Thun Babytee 3-Star Form Fit Regular Cotton 2 ChiГџв•—Гјu в”ЂГ‰Гџв•—вЊђng Form','https://down-vn.img.susercontent.com/file/vn-11134207-820l4-mfaxfknhsxze9d.webp',4.5,101,1,4.5,30,'Mua в”њГјo babytee в”ЂГ¦Гџв•—вЊђng form giв”њГ­ tГџв•—Г¦t tГџв•‘Г­i NTK Fashion','SГџв•‘Гєn phГџв•‘вЊђm в”њГјo babytee в”ЂГ¦Гџв•—вЊђng form chГџв•‘Г‘t lв•ћв–‘Гџв•—Гєng cao, thiГџв•‘в”ђt kГџв•‘в”ђ chuГџв•‘вЊђn, giao hв”њГЎng nhanh.'),('T10','CAT01','в”њГјo Baby Tee \"I Love Cat\"','в”њГјo Baby Tee \"I Love Cat\" 100% Cotton','https://down-vn.img.susercontent.com/file/vn-11134207-7r98o-lza1i2khf9zh61.webp',4.3,302,1,4.3,91,'Mua в”њГјo Baby Tee \"I Love Cat\" giв”њГ­ tГџв•—Г¦t tГџв•‘Г­i NTK Fashion','SГџв•‘Гєn phГџв•‘вЊђm в”њГјo Baby Tee \"I Love Cat\" chГџв•‘Г‘t lв•ћв–‘Гџв•—Гєng cao, thiГџв•‘в”ђt kГџв•‘в”ђ chuГџв•‘вЊђn, giao hв”њГЎng nhanh.');
/*!40000 ALTER TABLE `products` ENABLE KEYS */;
UNLOCK TABLES;

--
-- Table structure for table `review_likes`
--

DROP TABLE IF EXISTS `review_likes`;
/*!40101 SET @saved_cs_client     = @@character_set_client */;
/*!40101 SET character_set_client = utf8 */;
CREATE TABLE `review_likes` (
  `like_id` int(11) NOT NULL AUTO_INCREMENT,
  `review_id` int(11) NOT NULL,
  `user_id` char(5) NOT NULL,
  `created_at` datetime DEFAULT current_timestamp(),
  PRIMARY KEY (`like_id`),
  UNIQUE KEY `unique_user_review_like` (`user_id`,`review_id`),
  KEY `fk_like_review` (`review_id`),
  CONSTRAINT `fk_like_review` FOREIGN KEY (`review_id`) REFERENCES `reviews` (`review_id`) ON DELETE CASCADE,
  CONSTRAINT `fk_like_user` FOREIGN KEY (`user_id`) REFERENCES `users` (`user_id`) ON DELETE CASCADE
) ENGINE=InnoDB AUTO_INCREMENT=3 DEFAULT CHARSET=utf8mb4 COLLATE=utf8mb4_general_ci;
/*!40101 SET character_set_client = @saved_cs_client */;

--
-- Dumping data for table `review_likes`
--

LOCK TABLES `review_likes` WRITE;
/*!40000 ALTER TABLE `review_likes` DISABLE KEYS */;
INSERT INTO `review_likes` VALUES (2,11,'U4937','2026-05-24 00:16:57');
/*!40000 ALTER TABLE `review_likes` ENABLE KEYS */;
UNLOCK TABLES;

--
-- Table structure for table `reviews`
--

DROP TABLE IF EXISTS `reviews`;
/*!40101 SET @saved_cs_client     = @@character_set_client */;
/*!40101 SET character_set_client = utf8 */;
CREATE TABLE `reviews` (
  `review_id` int(11) NOT NULL AUTO_INCREMENT,
  `user_id` char(5) DEFAULT NULL,
  `product_id` char(5) DEFAULT NULL,
  `parent_id` int(11) DEFAULT NULL,
  `rating` float DEFAULT NULL CHECK (`rating` >= 1 and `rating` <= 5),
  `comment` varchar(500) DEFAULT NULL,
  `image` varchar(255) DEFAULT NULL,
  `status` int(11) DEFAULT 1,
  `created_at` datetime DEFAULT current_timestamp(),
  `is_pinned` tinyint(1) DEFAULT 0,
  `reward_coupon_id` char(5) DEFAULT NULL,
  PRIMARY KEY (`review_id`),
  KEY `fk_rev_user` (`user_id`),
  KEY `fk_rev_prod` (`product_id`),
  KEY `fk_review_parent` (`parent_id`),
  CONSTRAINT `fk_review_parent` FOREIGN KEY (`parent_id`) REFERENCES `reviews` (`review_id`) ON DELETE CASCADE
) ENGINE=InnoDB AUTO_INCREMENT=15 DEFAULT CHARSET=utf8mb4 COLLATE=utf8mb4_general_ci;
/*!40101 SET character_set_client = @saved_cs_client */;

--
-- Dumping data for table `reviews`
--

LOCK TABLES `reviews` WRITE;
/*!40000 ALTER TABLE `reviews` DISABLE KEYS */;
INSERT INTO `reviews` VALUES (1,'U01','T01',NULL,4.2,'в”њГјo rГџв•‘Г‘t в”ЂГ¦Гџв•‘в•Јp, chГџв•‘Г‘t vГџв•‘Гєi co giв”њГєn tГџв•—Г¦t!',NULL,0,'2025-01-01 00:00:00',0,NULL),(2,'U02','T02',NULL,4.1,'ChГџв•‘Г‘t vГџв•‘Гєi dв”њГЎy dГџв•‘в•–n, Гџв•‘Г‘m в”њГ­p.',NULL,0,'2024-06-30 00:00:00',0,NULL),(3,'U03','T03',NULL,4.2,'MГџв•‘в•–c rГџв•‘Г‘t tв”њв”¤n dв”њГ­ng.',NULL,0,'2024-06-07 00:00:00',0,NULL),(4,'U04','J01',NULL,4.9,'Hв”њГЎng nhв•ћв–‘ Гџв•‘Гєnh, giao hв”њГЎng nhanh.',NULL,0,'2025-02-01 00:00:00',0,NULL),(5,'U05','J02',NULL,4.1,'MГџв•—Г¬i ngв•ћв–‘Гџв•—ВҐi nв”њВ¬n mua nhв”њвЊђ!',NULL,0,'2024-11-11 00:00:00',0,NULL),(6,'U06','J03',NULL,4.1,'TuyГџв•—Г§t vГџв•—ВҐi, phГџв•‘Гєi Гџв•—Вєng hГџв•—Г– thв•ћв–‘Гџв•—ВҐng xuyв”њВ¬n.',NULL,0,'2025-12-06 00:00:00',0,NULL),(7,'U07','H01',NULL,4.7,'Hв”њГЎng в”ЂГ¦Гџв•‘в•Јp mв”њГЎ giв”њГ­ lГџв•‘Г­i phГџв•‘Гєi chв”ЂГўng.',NULL,0,'2025-01-01 00:00:00',0,NULL),(8,'U08','H02',NULL,4.9,'Nhв”њГіn viв”њВ¬n tв•ћв–‘ vГџв•‘Г‘n nhiГџв•—Г§t tв”њВјnh, giao hв”њГЎng nhanh, mв”њВјn',NULL,0,'2024-06-30 00:00:00',0,NULL),(9,'U09','H03',NULL,4.9,'Shop khв”њв”¤ng bao giГџв•—ВҐ lв”њГЎm mв”њВјnh thГџв•‘Г‘t vГџв•—Г¬ng.',NULL,0,'2024-06-07 00:00:00',0,NULL),(10,'U10','H04',NULL,5,'в”ЂГ‰в”њв”‚ng gв”њв”‚i chuyв”њВ¬n nghiГџв•—Г§p, chГџв•‘Г‘t vГџв•‘Гєi xГџв•—ГЇn xв”њв–“.',NULL,1,'2025-02-01 00:00:00',0,NULL),(11,'U4937','C01',NULL,5,'в”њГјo в”ЂГ¦Гџв•‘в•Јp, chГџв•‘Г‘t vГџв•‘Гєi dв”њГЎy dГџв•‘в•–n','assets/uploads/reviews/review_1779556598_424b40b74b.png',1,'2026-05-24 00:16:38',0,NULL),(12,'U4937','C01',NULL,5,'Khв”њв”¤ng cв”њв”‚ gв”њВј в”ЂГ¦Гџв•—Гў chв”њВ¬!',NULL,1,'2026-05-24 00:17:25',0,NULL),(13,'U01','C01',12,NULL,'CГџв•‘Гєm в•ћГ­n khв”њГ­ch iu в”ЂГ¦в”њГє Гџв•—Вєng hГџв•—Г–. Shop mong в”ЂГ¦в•ћв–‘Гџв•—Гєc phГџв•—Г‘c vГџв•—Г‘ khв”њГ­ch iu trong nhГџв•—В»ng lГџв•‘Вєn mua hв”њГЎng tiГџв•‘в”ђp theo Гџв•‘Г­ <333',NULL,1,'2026-05-24 00:18:58',0,NULL),(14,'U4937','J02',NULL,5,'xinh nha bв”њГЎ','assets/uploads/reviews/review_1779865357_575690136a.png',1,'2026-05-27 14:02:37',0,NULL);
/*!40000 ALTER TABLE `reviews` ENABLE KEYS */;
UNLOCK TABLES;

--
-- Table structure for table `shipping_methods`
--

DROP TABLE IF EXISTS `shipping_methods`;
/*!40101 SET @saved_cs_client     = @@character_set_client */;
/*!40101 SET character_set_client = utf8 */;
CREATE TABLE `shipping_methods` (
  `shipping_method_id` char(5) NOT NULL,
  `name` varchar(100) DEFAULT NULL,
  `cost` decimal(15,2) DEFAULT NULL,
  `estimated_delivery` varchar(50) DEFAULT NULL,
  PRIMARY KEY (`shipping_method_id`)
) ENGINE=InnoDB DEFAULT CHARSET=utf8mb4 COLLATE=utf8mb4_general_ci;
/*!40101 SET character_set_client = @saved_cs_client */;

--
-- Dumping data for table `shipping_methods`
--

LOCK TABLES `shipping_methods` WRITE;
/*!40000 ALTER TABLE `shipping_methods` DISABLE KEYS */;
INSERT INTO `shipping_methods` VALUES ('S01','SPX',35000.00,'2-3 ngв”њГЎy'),('S02','GHN',40000.00,'2-4 ngв”њГЎy'),('S03','GHTK',25000.00,'3-5 ngв”њГЎy'),('S04','J&T',30000.00,'1-2 ngв”њГЎy');
/*!40000 ALTER TABLE `shipping_methods` ENABLE KEYS */;
UNLOCK TABLES;

--
-- Table structure for table `user_addresses`
--

DROP TABLE IF EXISTS `user_addresses`;
/*!40101 SET @saved_cs_client     = @@character_set_client */;
/*!40101 SET character_set_client = utf8 */;
CREATE TABLE `user_addresses` (
  `address_id` int(11) NOT NULL AUTO_INCREMENT,
  `user_id` char(5) NOT NULL,
  `recipient_name` varchar(100) NOT NULL DEFAULT '',
  `phone` varchar(20) NOT NULL DEFAULT '',
  `street` varchar(255) NOT NULL DEFAULT '',
  `ward` varchar(100) NOT NULL DEFAULT '',
  `district` varchar(100) NOT NULL DEFAULT '',
  `province` varchar(100) NOT NULL DEFAULT '',
  `note` text DEFAULT NULL,
  `is_default` tinyint(1) NOT NULL DEFAULT 0,
  `created_at` datetime DEFAULT current_timestamp(),
  PRIMARY KEY (`address_id`),
  KEY `user_id` (`user_id`)
) ENGINE=InnoDB AUTO_INCREMENT=35 DEFAULT CHARSET=utf8mb4 COLLATE=utf8mb4_general_ci;
/*!40101 SET character_set_client = @saved_cs_client */;

--
-- Dumping data for table `user_addresses`
--

LOCK TABLES `user_addresses` WRITE;
/*!40000 ALTER TABLE `user_addresses` DISABLE KEYS */;
INSERT INTO `user_addresses` VALUES (1,'U01','QuГџв•‘Гєn TrГџв•—ГЇ Viв”њВ¬n','334275834','Kho tГџв•—ГІng HCM','','','',NULL,1,'2026-04-19 20:51:06'),(2,'U02','NguyГџв•—Г n Vв”ЂГўn A','375788987','123 Lв”њВ¬ LГџв•—Гєi, Q1, HCM','','','',NULL,1,'2026-04-19 20:51:06'),(3,'U03','TrГџв•‘Вєn ThГџв•—ГЇ B','964326512','45 CГџв•‘Вєu GiГџв•‘Г‘y, Hв”њГЎ NГџв•—Г–i','','','',NULL,1,'2026-04-19 20:51:06'),(4,'U04','Lв”њВ¬ ThГџв•—ГЇ C','901239876','10 NguyГџв•—Г n Trв”њГєi, Q5','','','',NULL,1,'2026-04-19 20:51:06'),(5,'U05','Hoв”њГЎng Long','987654321','15 Lв”њВ¬ DuГџв•‘вЊђn, в”ЂГ‰в”њГЎ NГџв•‘в•Ўng','','','',NULL,1,'2026-04-19 20:51:06'),(6,'U06','NguyГџв•—Г n Thanh Thв”њв•‘y','912345678','88 NguyГџв•—Г n HuГџв•—Г§, Q1, HCM','','','',NULL,1,'2026-04-19 20:51:06'),(7,'U07','PhГџв•‘Г­m Minh Quв”њГіn','905112233','12 TrГџв•‘Вєn Phв”њв•‘, HГџв•‘Гєi Phв”њв–“ng','','','',NULL,1,'2026-04-19 20:51:06'),(8,'U08','Vв”њв•Ў KiГџв•—Гјu Oanh','934556677','200 Phan Chu Trinh, HuГџв•‘в”ђ','','','',NULL,1,'2026-04-19 20:51:06'),(9,'U09','в”ЂГ‰Гџв•—Г№ в”ЂГ‰Гџв•—вЊђc Anh','977889900','45 Lв”њГ­ng HГџв•‘Г­, в”ЂГ‰Гџв•—Г¦ng в”ЂГ‰a, Hв”њГЎ NГџв•—Г–i','','','',NULL,1,'2026-04-19 20:51:06'),(10,'U10','Bв”њв•Јi ThГџв•—Вєy Tiв”њВ¬n','966554433','77 Cв”њГ­ch MГџв•‘Г­ng Thв”њГ­ng 8, CГџв•‘Вєn Thв•ћГ­','','','',NULL,1,'2026-04-19 20:51:06'),(11,'U11','Ngв”њв”¤ Xuв”њГіn Bв”њГ­ch','944332211','102 Quang Trung, Gв”њв–“ VГџв•‘Г‘p, HCM','','','',NULL,1,'2026-04-19 20:51:06'),(12,'U12','NguyГџв•—Г n Thu Hв”њГЎ','922110099','56 Kim Mв”њГє, Ba в”ЂГ‰в”њВјnh, Hв”њГЎ NГџв•—Г–i','','','',NULL,1,'2026-04-19 20:51:06'),(13,'U13','TrГџв•‘Вєn Gia Huy','909123456','32 Hв”њв•Јng Vв•ћв–‘в•ћГ­ng, Nha Trang','','','',NULL,1,'2026-04-19 20:51:06'),(14,'U14','в”ЂГ‰Гџв•‘в•–ng MГџв•—в•Ј Linh','988776655','120 Vв”њв•Ў Vв”ЂГўn KiГџв•—Г§t, Q5, HCM','','','',NULL,1,'2026-04-19 20:51:06'),(15,'U15','Phan QuГџв•—Г¦c BГџв•‘Гєo','911223344','15 Hв”њв–“a Bв”њВјnh, Biв”њВ¬n Hв”њв–“a','','','',NULL,1,'2026-04-19 20:51:06'),(16,'U16','Lв”њв•њ CГџв•‘вЊђm Tв”њв•‘','933445566','09 Lв”њВ¬ LГџв•—Гєi, TP Vinh','','','',NULL,1,'2026-04-19 20:51:06'),(17,'U17','Vв”јвЊђ NhГџв•‘ВЎt Minh','955667788','22 в”ЂГ‰iГџв•—Г§n Biв”њВ¬n PhГџв•—Вє, в”ЂГ‰в”њГЎ NГџв•‘в•Ўng','','','',NULL,1,'2026-04-19 20:51:06'),(18,'U18','Chu Phв•ћв–‘в•ћГ­ng ThГџв•‘Гєo','977112233','412 Trв•ћв–‘Гџв•—ВҐng Chinh, Tв”њГіn Bв”њВјnh, HCM','','','',NULL,1,'2026-04-19 20:51:06'),(19,'U19','Lв”њВ¬ HuГџв•—в”‚nh Anh','900223344','89 NguyГџв•—Г n Trв”њГєi, Thanh Xuв”њГіn, HN','','','',NULL,1,'2026-04-19 20:51:06'),(20,'U20','Lв”њГіm KhГџв•‘Гєi Minh','335378609','TrГџв•‘Вєn в”ЂГ‰Гџв•‘Г­i Nghв”ЂвЊђa, Dв”ЂвЊђ An, Bв”њВјnh Dв•ћв–‘в•ћГ­ng','','','',NULL,1,'2026-04-19 20:51:06'),(32,'U3237','Tram Nguyen','0373546431','Phв•ћв–‘Гџв•—ВҐng Dв”ЂвЊђ An Thв”њГЎnh phГџв•—Г¦ HГџв•—Гґ Chв”њВЎ Minh','Linh в”ЂГ‰в”њв”¤ng','ThГџв•—Вє в”ЂГ‰Гџв•—вЊђc','HГџв•—Гґ Chв”њВЎ Minh',NULL,0,'2026-04-19 20:57:19'),(33,'U5872','lau','0329848845','xв”њв”‚m vв•ћв–‘Гџв•—ВҐn в•ћв–‘в•ћГ­m','Ia Yok','Ia Grai','Gia Lai',NULL,1,'2026-04-28 22:00:19'),(34,'U4937','nghi','0938211589','ktx khu b dв”ЂвЊђ an bв”њВјnh dв•ћв–‘в•ћГ­ng','в”ЂГ‰в”њв”¤ng Hв”њв–“a','Dв”ЂвЊђ An','Bв”њВјnh Dв•ћв–‘в•ћГ­ng',NULL,1,'2026-05-26 22:55:00');
/*!40000 ALTER TABLE `user_addresses` ENABLE KEYS */;
UNLOCK TABLES;

--
-- Table structure for table `users`
--

DROP TABLE IF EXISTS `users`;
/*!40101 SET @saved_cs_client     = @@character_set_client */;
/*!40101 SET character_set_client = utf8 */;
CREATE TABLE `users` (
  `user_id` char(5) NOT NULL,
  `username` varchar(50) NOT NULL,
  `password` varchar(50) NOT NULL,
  `fullname` varchar(100) DEFAULT NULL,
  `email` varchar(100) DEFAULT NULL,
  `phonenumber` varchar(10) DEFAULT NULL,
  `address` text DEFAULT NULL,
  `verification_code` varchar(6) DEFAULT NULL,
  `verification_code_expires_at` datetime DEFAULT NULL,
  `is_verified` int(11) DEFAULT 0,
  `role` int(11) DEFAULT 0,
  `status` int(11) DEFAULT 1,
  `created_at` datetime DEFAULT current_timestamp(),
  `total_orders` int(11) DEFAULT 0,
  `total_spend` decimal(15,2) DEFAULT 0.00,
  `bank_name` varchar(100) CHARACTER SET utf8 COLLATE utf8_general_ci DEFAULT NULL,
  `bank_account_number` varchar(20) DEFAULT NULL,
  `bank_account_name` varchar(100) CHARACTER SET utf8 COLLATE utf8_general_ci DEFAULT NULL,
  `wallet_balance` decimal(15,2) DEFAULT 0.00,
  `current_points` int(11) DEFAULT 0,
  `accumulated_points` int(11) DEFAULT 0,
  `tier` varchar(20) DEFAULT 'Member',
  PRIMARY KEY (`user_id`),
  UNIQUE KEY `username` (`username`)
) ENGINE=InnoDB DEFAULT CHARSET=utf8mb4 COLLATE=utf8mb4_general_ci;
/*!40101 SET character_set_client = @saved_cs_client */;

--
-- Dumping data for table `users`
--

LOCK TABLES `users` WRITE;
/*!40000 ALTER TABLE `users` DISABLE KEYS */;
INSERT INTO `users` VALUES ('U01','admin','0192023a7bbd73250516f069df18b500','QuГџв•‘Гєn TrГџв•—ГЇ Viв”њВ¬n','admin@ntk.vn','334275834','Kho tГџв•—ГІng HCM',NULL,NULL,1,1,1,'2024-01-01 00:00:00',0,0.00,'Vietcombank','1012233445','QUAN TRI VIEN',150000.00,0,0,'Member'),('U02','nguyenvana','pass123','NguyГџв•—Г n Vв”ЂГўn A','ana@gmail.com','375788987','123 Lв”њВ¬ LГџв•—Гєi, Q1, HCM',NULL,NULL,0,1,1,'2024-01-15 00:00:00',5,2500000.00,'MB Bank','987654321','NGUYEN VAN A',50000.00,0,0,'Member'),('U03','tranthib','pass123','TrГџв•‘Вєn ThГџв•—ГЇ B','bib@gmail.com','964326512','45 CГџв•‘Вєu GiГџв•‘Г‘y, Hв”њГЎ NГџв•—Г–i',NULL,NULL,0,0,1,'2024-02-10 00:00:00',2,850000.00,'Techcombank','19033445566','TRAN THI B',0.00,0,0,'Member'),('U04','lethic','pass123','Lв”њВ¬ ThГџв•—ГЇ C','cic@gmail.com','901239876','10 NguyГџв•—Г n Trв”њГєi, Q5',NULL,NULL,0,1,1,'2024-03-05 00:00:00',0,0.00,'VietinBank','1028877665','LE THI C',250000.00,0,0,'Member'),('U05','hoanglong','pass123','Hoв”њГЎng Long','longh@gmail.com','987654321','15 Lв”њВ¬ DuГџв•‘вЊђn, в”ЂГ‰в”њГЎ NГџв•‘в•Ўng',NULL,NULL,0,1,1,'2024-03-20 00:00:00',12,15000000.00,'BIDV','21510001234','HOANG LONG',1000000.00,0,0,'Member'),('U06','thanhthuy','pass123','NguyГџв•—Г n Thanh Thв”њв•‘y','thuynt@gmail.com','912345678','88 NguyГџв•—Г n HuГџв•—Г§, Q1, HCM',NULL,NULL,0,0,1,'2024-04-12 00:00:00',1,450000.00,'ACB','77889955','NGUYEN THANH THUY',0.00,0,0,'Member'),('U07','minhquan','pass123','PhГџв•‘Г­m Minh Quв”њГіn','quanpm@gmail.com','905112233','12 TrГџв•‘Вєn Phв”њв•‘, HГџв•‘Гєi Phв”њв–“ng',NULL,NULL,0,1,1,'2024-05-01 00:00:00',8,6200000.00,'TPBank','4455667701','PHAM MINH QUAN',120000.00,0,0,'Member'),('U08','kieuoanh','pass123','Vв”њв•Ў KiГџв•—Гјu Oanh','oanhvk@gmail.com','934556677','200 Phan Chu Trinh, HuГџв•‘в”ђ',NULL,NULL,0,1,0,'2024-05-18 00:00:00',0,0.00,'Sacombank','601223344','VO KIEU OANH',0.00,0,0,'Member'),('U09','ducanh','pass123','в”ЂГ‰Гџв•—Г№ в”ЂГ‰Гџв•—вЊђc Anh','anhdd@gmail.com','977889900','45 Lв”њГ­ng HГџв•‘Г­, в”ЂГ‰Гџв•—Г¦ng в”ЂГ‰a, Hв”њГЎ NГџв•—Г–i',NULL,NULL,0,1,1,'2024-06-02 00:00:00',3,1200000.00,'Agribank','15002051234','DO DUC ANH',30000.00,0,0,'Member'),('U10','thuytien','pass123','Bв”њв•Јi ThГџв•—Вєy Tiв”њВ¬n','tienbt@gmail.com','966554433','77 Cв”њГ­ch MГџв•‘Г­ng Thв”њГ­ng 8, CГџв•‘Вєn Thв•ћГ­',NULL,NULL,0,0,1,'2024-06-25 00:00:00',15,22000000.00,'VPBank','155667788','BUI THUY TIEN',500000.00,0,0,'Member'),('U11','xuanbach','pass123','Ngв”њв”¤ Xuв”њГіn Bв”њГ­ch','bachnx@gmail.com','944332211','102 Quang Trung, Gв”њв–“ VГџв•‘Г‘p, HCM',NULL,NULL,0,1,1,'2024-07-10 00:00:00',4,3100000.00,'HDBank','6870407123','NGO XUAN BACH',0.00,0,0,'Member'),('U12','thuha','pass123','NguyГџв•—Г n Thu Hв”њГЎ','hant@gmail.com','922110099','56 Kim Mв”њГє, Ba в”ЂГ‰в”њВјnh, Hв”њГЎ NГџв•—Г–i',NULL,NULL,0,1,1,'2024-07-30 00:00:00',7,5400000.00,'VIB','257040655','NGUYEN THU HA',85000.00,0,0,'Member'),('U13','giahuy','pass123','TrГџв•‘Вєn Gia Huy','huytg@gmail.com','909123456','32 Hв”њв•Јng Vв•ћв–‘в•ћГ­ng, Nha Trang',NULL,NULL,0,0,1,'2024-08-14 00:00:00',0,0.00,'SHB','1011223344','TRAN GIA HUY',0.00,0,0,'Member'),('U14','mylinh','pass123','в”ЂГ‰Гџв•‘в•–ng MГџв•—в•Ј Linh','linhdm@gmail.com','988776655','120 Vв”њв•Ў Vв”ЂГўn KiГџв•—Г§t, Q5, HCM',NULL,NULL,0,1,1,'2024-09-05 00:00:00',2,980000.00,'VietCapitalBank','8007041234','DANG MY LINH',200000.00,0,0,'Member'),('U15','quocbao','pass123','Phan QuГџв•—Г¦c BГџв•‘Гєo','baopq@gmail.com','911223344','15 Hв”њв–“a Bв”њВјnh, Biв”њВ¬n Hв”њв–“a',NULL,NULL,0,1,0,'2024-09-21 00:00:00',0,0.00,'MSB','3501017788','PHAN QUOC BAO',0.00,0,0,'Member'),('U16','camtu','pass123','Lв”њв•њ CГџв•‘вЊђm Tв”њв•‘','tulc@gmail.com','933445566','09 Lв”њВ¬ LГџв•—Гєi, TP Vinh',NULL,NULL,0,1,1,'2024-10-08 00:00:00',6,4200000.00,'SeABank','123456','LY CAM TU',450000.00,0,0,'Member'),('U17','nhatminh','pass123','Vв”јвЊђ NhГџв•‘ВЎt Minh','minhvn@gmail.com','955667788','22 в”ЂГ‰iГџв•—Г§n Biв”њВ¬n PhГџв•—Вє, в”ЂГ‰в”њГЎ NГџв•‘в•Ўng',NULL,NULL,0,1,1,'2024-10-25 00:00:00',10,8900000.00,'OCB','41000123','VU NHAT MINH',15000.00,0,0,'Member'),('U18','phuongthao','pass123','Chu Phв•ћв–‘в•ћГ­ng ThГџв•‘Гєo','thaocp@gmail.com','977112233','412 Trв•ћв–‘Гџв•—ВҐng Chinh, Tв”њГіn Bв”њВјnh, HCM',NULL,NULL,0,1,1,'2024-11-12 00:00:00',3,1150000.00,'LienVietPostBank','223344556','CHU PHUONG THAO',0.00,0,0,'Member'),('U19','huynhanh','pass123','Lв”њВ¬ HuГџв•—в”‚nh Anh','anhlh@gmail.com','900223344','89 NguyГџв•—Г n Trв”њГєi, Thanh Xuв”њГіn, HN',NULL,NULL,0,1,1,'2024-11-30 00:00:00',5,2750000.00,'Nam A Bank','3010223344','LE HUYNH ANH',75000.00,0,0,'Member'),('U20','lamminh','pass123','Lв”њГіm KhГџв•‘Гєi Minh','lminh@gmail.com','335378609','TrГџв•‘Вєn в”ЂГ‰Гџв•‘Г­i Nghв”ЂвЊђa, Dв”ЂвЊђ An, Bв”њВјnh Dв•ћв–‘в•ћГ­ng',NULL,NULL,1,0,1,'2024-11-30 00:00:00',3,400000.00,'Eximbank','20001484123','LAM KHAI MINH',0.00,0,0,'Member'),('U3237','nguyenthithuytram03062006gl@gmail.com','8de7d4ce14a6925213c332d32906b880','Tram Nguyen','nguyenthithuytram03062006gl@gmail.com','0373546431',NULL,NULL,NULL,1,0,1,'2026-04-08 16:11:12',0,0.00,NULL,NULL,NULL,1025000.00,0,0,'Member'),('U3768','test@gmail.com','482c811da5d5b4bc6d497ffa98491e38','Test User','test@gmail.com','0900000001',NULL,'3192',NULL,0,0,1,'2026-04-19 20:20:34',0,0.00,NULL,NULL,NULL,0.00,0,0,'Member'),('U4937','tnighue@gmail.com','827ccb0eea8a706c4c34a16891f84e7b','nghi','tnighue@gmail.com','0938211589',NULL,NULL,NULL,1,0,1,'2026-04-29 19:49:48',0,0.00,NULL,NULL,NULL,0.00,240,240,'Member'),('U5655','test@test.com','25d55ad283aa400af464c76d713c07ad','Tester','test@test.com','0123456789',NULL,'2663',NULL,0,0,1,'2026-04-19 20:27:01',0,0.00,NULL,NULL,NULL,0.00,0,0,'Member'),('U5872','phamlau488@gmail.com','827ccb0eea8a706c4c34a16891f84e7b','lau','phamlau488@gmail.com','0329848845',NULL,NULL,NULL,1,0,1,'2026-04-28 21:34:09',0,0.00,NULL,NULL,NULL,0.00,0,0,'Member');
/*!40000 ALTER TABLE `users` ENABLE KEYS */;
UNLOCK TABLES;

--
-- Table structure for table `wallet_transactions`
--

DROP TABLE IF EXISTS `wallet_transactions`;
/*!40101 SET @saved_cs_client     = @@character_set_client */;
/*!40101 SET character_set_client = utf8 */;
CREATE TABLE `wallet_transactions` (
  `transaction_id` int(11) NOT NULL AUTO_INCREMENT,
  `user_id` char(5) DEFAULT NULL,
  `amount` decimal(15,2) NOT NULL,
  `transaction_type` int(11) NOT NULL,
  `description` varchar(255) DEFAULT NULL,
  `related_order_id` char(5) DEFAULT NULL,
  `created_at` datetime DEFAULT current_timestamp(),
  PRIMARY KEY (`transaction_id`),
  KEY `fk_wt_user` (`user_id`),
  KEY `fk_wt_order` (`related_order_id`)
) ENGINE=InnoDB AUTO_INCREMENT=38 DEFAULT CHARSET=utf8mb4 COLLATE=utf8mb4_general_ci;
/*!40101 SET character_set_client = @saved_cs_client */;

--
-- Dumping data for table `wallet_transactions`
--

LOCK TABLES `wallet_transactions` WRITE;
/*!40000 ALTER TABLE `wallet_transactions` DISABLE KEYS */;
INSERT INTO `wallet_transactions` VALUES (1,'U01',150000.00,1,'Hoв”њГЎn tiГџв•—Гјn в”ЂГ¦в•ћГ­n DH002','ORD02','2026-02-26 14:30:00'),(2,'U01',50000.00,2,'SГџв•—ВЎ dГџв•—Г‘ng vв”њВЎ thanh toв”њГ­n в”ЂГ¦в•ћГ­n DH005','ORD05','2026-03-01 09:15:00'),(3,'U01',50000.00,1,'Thв•ћв–‘Гџв•—Ж’ng hГџв•‘Г­ng thв”њГЎnh viв”њВ¬n Vв”њГЎng',NULL,'2026-03-10 20:00:00'),(4,'U02',50000.00,1,'Hoв”њГЎn tiГџв•—Гјn do lГџв•—Г№i vГџв•‘ВЎn chuyГџв•—Гўn','ORD01','2026-03-15 10:20:00'),(5,'U03',100000.00,1,'TГџв•‘в•–ng tiГџв•—Гјn в”ЂГ¦в”ЂГўng kв”њв•њ tв”њГЎi khoГџв•‘Гєn mГџв•—Вўi',NULL,'2026-01-05 08:00:00'),(6,'U03',100000.00,2,'SГџв•—ВЎ dГџв•—Г‘ng vв”њВЎ thanh toв”њГ­n в”ЂГ¦в•ћГ­n ORD02','ORD02','2026-01-15 09:00:00'),(7,'U04',250000.00,1,'Hoв”њГЎn tiГџв•—Гјn в”ЂГ¦в•ћГ­n hв”њГЎng khв”њГ­ch trГџв•‘Гє lГџв•‘Г­i',NULL,'2026-03-10 14:00:00'),(8,'U05',1000000.00,1,'Thв•ћв–‘Гџв•—Ж’ng khв”њГ­ch hв”њГЎng mua sГџв•—Г« thв”њГ­ng 3',NULL,'2026-04-01 08:00:00'),(9,'U06',50000.00,1,'Hoв”њГЎn tiГџв•—Гјn в”ЂГ¦в”њГ­nh giв”њГ­ sГџв•‘Гєn phГџв•‘вЊђm',NULL,'2026-02-10 11:00:00'),(10,'U06',50000.00,2,'Thanh toв”њГ­n mГџв•—Г–t phГџв•‘Вєn в”ЂГ¦в•ћГ­n ORD04','ORD04','2026-02-15 15:30:00'),(11,'U07',120000.00,1,'Hoв”њГЎn tiГџв•—Гјn chв”њВ¬nh lГџв•—Г§ch phв”њВЎ ship',NULL,'2026-03-20 16:45:00'),(12,'U08',30000.00,1,'Quв”њГЎ tГџв•‘в•–ng sinh nhГџв•‘ВЎt thв”њГ­ng 2',NULL,'2026-02-05 07:00:00'),(13,'U08',30000.00,2,'Thanh toв”њГ­n phв”њВЎ ship в”ЂГ¦в•ћГ­n ORD05','ORD05','2026-02-10 09:30:00'),(14,'U09',30000.00,1,'Hoв”њГЎn tiГџв•—Гјn в”ЂГ¦в”њГ­nh giв”њГ­ 5 sao cв”њв”‚ tв”њГіm',NULL,'2026-03-01 19:20:00'),(15,'U10',500000.00,1,'Hoв”њГЎn tiГџв•—Гјn bГџв•—Гґi thв•ћв–‘Гџв•—ВҐng sГџв•‘Гєn phГџв•‘вЊђm lГџв•—Г№i',NULL,'2026-03-25 10:15:00'),(16,'U11',20000.00,1,'Thв•ћв–‘Гџв•—Ж’ng tham gia Minigame Facebook',NULL,'2026-02-10 21:00:00'),(17,'U11',20000.00,2,'SГџв•—ВЎ dГџв•—Г‘ng vв”њВЎ thanh toв”њГ­n в”ЂГ¦в•ћГ­n ORD07','ORD07','2026-02-14 10:00:00'),(18,'U12',85000.00,1,'Hoв”њГЎn tiГџв•—Гјn do khв”њГ­ch hГџв•—Вєy в”ЂГ¦в•ћГ­n hв”њГЎng',NULL,'2026-04-05 13:40:00'),(19,'U13',100000.00,1,'Quв”њГЎ tГџв•‘в•–ng khв”њГ­ch hв”њГЎng mГџв•—Вўi',NULL,'2026-01-20 09:00:00'),(20,'U13',100000.00,2,'SГџв•—ВЎ dГџв•—Г‘ng vв”њВЎ thanh toв”њГ­n в”ЂГ¦в•ћГ­n ORD08','ORD08','2026-02-18 14:20:00'),(21,'U14',200000.00,1,'Hoв”њГЎn tiГџв•—Гјn chв•ћв–‘в•ћГ­ng trв”њВјnh Flash Sale',NULL,'2026-03-30 22:00:00'),(22,'U15',50000.00,1,'Hoв”њГЎn tiГџв•—Гјn phв”њВЎ vГџв•‘ВЎn chuyГџв•—Гўn',NULL,'2026-02-15 16:10:00'),(23,'U15',50000.00,2,'SГџв•—ВЎ dГџв•—Г‘ng vв”њВЎ thanh toв”њГ­n в”ЂГ¦в•ћГ­n ORD09','ORD09','2026-02-20 11:45:00'),(24,'U16',450000.00,1,'Hoв”њГЎn tiГџв•—Гјn в”ЂГ¦Гџв•—ГІi trГџв•‘Гє do nhГџв•‘Вєm size',NULL,'2026-04-02 08:30:00'),(25,'U17',15000.00,1,'Hoв”њГЎn tiГџв•—Гјn в”ЂГ¦в”њГ­nh giв”њГ­ cв”њв”‚ kв”њВїm hв”њВјnh Гџв•‘Гєnh',NULL,'2026-03-12 20:15:00'),(26,'U18',40000.00,1,'Quy в”ЂГ¦Гџв•—ГІi voucher thв”њГЎnh tiГџв•—Гјn mГџв•‘в•–t',NULL,'2026-02-20 09:00:00'),(27,'U18',40000.00,2,'SГџв•—ВЎ dГџв•—Г‘ng vв”њВЎ thanh toв”њГ­n в”ЂГ¦в•ћГ­n ORD10','ORD10','2026-02-25 15:00:00'),(28,'U19',75000.00,1,'Hoв”њГЎn tiГџв•—Гјn xin lГџв•—Г№i do giao hв”њГЎng trГџв•—Г ',NULL,'2026-03-28 17:30:00'),(29,'U20',25000.00,1,'Thв•ћв–‘Гџв•—Ж’ng hoa hГџв•—Гґng giГџв•—Вўi thiГџв•—Г§u bГџв•‘Г­n bв”њВї',NULL,'2026-04-01 10:00:00'),(30,'U20',25000.00,2,'Rв”њв•‘t tiГџв•—Гјn vГџв•—Гј thГџв•‘в•— ngв”њГіn hв”њГЎng',NULL,'2026-04-05 18:00:00'),(31,'U3237',205000.00,1,'Hoв”њГЎn tiГџв•—Гјn do hГџв•—Вєy в”ЂГ¦в•ћГ­n hв”њГЎng','O0016','2026-04-20 22:17:59'),(32,'U3237',205000.00,1,'Hoв”њГЎn tiГџв•—Гјn do trГџв•‘Гє hв”њГЎng (Refund)','O0015','2026-04-20 22:25:56'),(33,'U3237',205000.00,1,'Hoв”њГЎn tiГџв•—Гјn do trГџв•‘Гє hв”њГЎng (Refund)','O0011','2026-04-20 22:31:40'),(34,'U3237',205000.00,1,'Hoв”њГЎn tiГџв•—Гјn do trГџв•‘Гє hв”њГЎng (Refund)','O0013','2026-04-20 23:16:00'),(35,'U3237',290000.00,2,'SГџв•—ВЎ dГџв•—Г‘ng vв”њВЎ thanh toв”њГ­n в”ЂГ¦в•ћГ­n hв”њГЎng O0022','O0022','2026-04-22 08:36:00'),(36,'U3237',290000.00,1,'Hoв”њГЎn tiГџв•—Гјn do hГџв•—Вєy в”ЂГ¦в•ћГ­n hв”њГЎng','O0022','2026-04-22 08:36:42'),(37,'U3237',205000.00,1,'Hoв”њГЎn tiГџв•—Гјn do hГџв•—Вєy в”ЂГ¦в•ћГ­n hв”њГЎng #O0008','O0008','2026-05-24 14:05:09');
/*!40000 ALTER TABLE `wallet_transactions` ENABLE KEYS */;
UNLOCK TABLES;

--
-- Table structure for table `wishlist`
--

DROP TABLE IF EXISTS `wishlist`;
/*!40101 SET @saved_cs_client     = @@character_set_client */;
/*!40101 SET character_set_client = utf8 */;
CREATE TABLE `wishlist` (
  `wishlist_id` char(5) NOT NULL,
  `user_id` char(5) DEFAULT NULL,
  `product_id` char(5) DEFAULT NULL,
  `added_date` datetime DEFAULT current_timestamp(),
  PRIMARY KEY (`wishlist_id`),
  KEY `fk_wish_user` (`user_id`),
  KEY `fk_wish_prod` (`product_id`)
) ENGINE=InnoDB DEFAULT CHARSET=utf8mb4 COLLATE=utf8mb4_general_ci;
/*!40101 SET character_set_client = @saved_cs_client */;

--
-- Dumping data for table `wishlist`
--

LOCK TABLES `wishlist` WRITE;
/*!40000 ALTER TABLE `wishlist` DISABLE KEYS */;
INSERT INTO `wishlist` VALUES ('W01','U01','T01','2025-01-01 00:00:00'),('W02','U02','T02','2024-06-30 00:00:00'),('W03','U03','T03','2024-06-07 00:00:00'),('W04','U04','T04','2025-02-01 00:00:00'),('W05','U05','T05','2024-11-11 00:00:00'),('W06','U06','T06','2025-12-06 00:00:00'),('W144','U3237','C02','2026-04-19 19:49:41'),('W415','U01','C02','2026-05-23 14:02:40'),('W478','U3237','T09','2026-04-19 19:49:50'),('W567','U4937','C04','2026-05-21 08:18:56'),('W579','U01','C03','2026-05-23 14:05:33'),('W636','U01','C01','2026-05-23 14:02:26'),('W639','U4937','C01','2026-05-23 20:59:10'),('W684','U3237','T08','2026-04-19 19:50:51'),('W897','U3237','C03','2026-04-19 19:49:44');
/*!40000 ALTER TABLE `wishlist` ENABLE KEYS */;
UNLOCK TABLES;
/*!40103 SET TIME_ZONE=@OLD_TIME_ZONE */;
CREATE TABLE IF NOT EXISTS `recent_views` (
  `product_id` CHAR(5) NOT NULL,
  `viewed_at` DATETIME DEFAULT CURRENT_TIMESTAMP ON UPDATE CURRENT_TIMESTAMP,
  PRIMARY KEY (`product_id`)
) ENGINE=InnoDB DEFAULT CHARSET=utf8mb4 COLLATE=utf8mb4_general_ci;

ALTER TABLE `products` ADD COLUMN IF NOT EXISTS `view_count` INT DEFAULT 0;

/*!40101 SET SQL_MODE=@OLD_SQL_MODE */;
/*!40014 SET FOREIGN_KEY_CHECKS=@OLD_FOREIGN_KEY_CHECKS */;
/*!40014 SET UNIQUE_CHECKS=@OLD_UNIQUE_CHECKS */;
/*!40101 SET CHARACTER_SET_CLIENT=@OLD_CHARACTER_SET_CLIENT */;
/*!40101 SET CHARACTER_SET_RESULTS=@OLD_CHARACTER_SET_RESULTS */;
/*!40101 SET COLLATION_CONNECTION=@OLD_COLLATION_CONNECTION */;
/*!40111 SET SQL_NOTES=@OLD_SQL_NOTES */;

-- Dump completed on 2026-05-27 14:26:59

ALTER TABLE products ADD COLUMN IF NOT EXISTS view_count INT DEFAULT 0;
UPDATE products 
SET view_count = (sold_count * 3) + FLOOR(10 + (RAND() * 40)) 
WHERE view_count <= sold_count AND sold_count > 0;

ALTER TABLE coupons ADD user_id VARCHAR(50);